iteration,0,1,2,3,4,5,6,7,8,9,10,11,12,13,14,15
0,4236,3658,3611,4289,2982,3399,3440,2994,3421,3011,4215,3635,2998,4204,3583,3401
10,3879,3425,3333,3918,3182,3742,3673,3272,3713,3276,4001,3436,3268,3940,3318,3701
20,3867,3422,3376,3935,3198,3672,3660,3276,3682,3233,4078,3420,3294,3924,3395,3645
30,3920,3451,3433,3888,3152,3630,3706,3118,3723,3207,4069,3432,3254,4018,3429,3647
40,3916,3458,3485,4036,3077,3708,3676,3177,3659,3184,4156,3378,3172,3948,3346,3701
50,3975,3491,3381,3937,3100,3623,3672,3205,3666,3112,4136,3504,3215,3999,3420,3641
60,3938,3551,3392,4016,3070,3672,3599,3129,3620,3216,4182,3393,3242,3988,3387,3682
70,3961,3425,3456,4044,3098,3711,3585,3168,3583,3222,4017,3552,3209,3957,3416,3673
80,3952,3468,3509,4040,3094,3660,3618,3135,3586,3218,4190,3464,3184,4050,3333,3576
90,3961,3419,3547,3925,3105,3736,3635,3218,3655,3184,4196,3540,3091,3890,3403,3572
100,4042,3435,3474,4086,3090,3603,3641,3136,3683,3152,4125,3408,3239,4051,3372,3540
110,3975,3565,3392,3972,3134,3604,3654,3199,3599,3154,4098,3490,3229,3970,3375,3667
120,3958,3470,3465,4020,3146,3697,3632,3207,3608,3150,4054,3410,3222,4027,3434,3577
130,3824,3524,3463,4058,3185,3639,3598,3172,3657,3201,4149,3486,3182,3989,3377,3573
140,4021,3477,3429,4059,3156,3589,3578,3105,3745,3192,4073,3361,3240,3967,3421,3664
150,3985,3475,3456,4028,3104,3678,3668,3106,3670,3133,4121,3452,3162,3977,3436,3626
160,3915,3469,3391,4018,3088,3639,3633,3124,3669,3158,4187,3506,3149,4050,3492,3589
170,4012,3514,3388,4017,3176,3602,3658,3160,3712,3146,4054,3443,3174,3991,3401,3629
180,3881,3502,3426,4050,3146,3610,3571,3219,3767,3098,4090,3463,3202,4002,3412,3638
190,3937,3489,3449,4007,3190,3652,3537,3206,3620,3212,4131,3479,3144,4010,3426,3588
200,3966,3485,3499,4127,3070,3662,3686,3135,3626,3111,4096,3456,3152,3988,3441,3577
210,3988,3465,3471,4006,3186,3689,3585,3096,3577,3180,4160,3465,3193,3906,3459,3651
220,3959,3476,3500,3990,3081,3734,3609,3161,3717,3134,4162,3499,3130,4018,3366,3541
230,3956,3558,3500,4028,3221,3581,3624,3091,3682,3141,4123,3444,3174,3971,3444,3539
240,3881,3493,3446,4078,3114,3661,3598,3131,3667,3189,4109,3428,3180,3989,3479,3634
250,3995,3527,3430,3985,3169,3656,3584,3165,3728,3186,4078,3408,3184,4009,3407,3566
260,3970,3469,3446,4013,3132,3741,3588,3183,3665,3183,4084,3506,3137,3988,3363,3609
270,4041,3457,3421,4010,3110,3567,3608,3173,3683,3156,4159,3493,3178,4005,3408,3608
280,3980,3588,3384,4032,3106,3664,3637,3149,3654,3086,4169,3419,3196,4004,3414,3595
290,4010,3479,3388,4001,3126,3632,3676,3147,3620,3158,4189,3470,3215,3948,3445,3573
300,4004,3569,3410,4046,3136,3567,3657,3130,3691,3195,4103,3443,3091,4015,3397,3623
310,3973,3493,3480,3975,3033,3560,3615,3138,3606,3260,4239,3430,3176,4036,3422,3641
320,3936,3459,3531,3945,3152,3641,3648,3173,3599,3247,4081,3462,3236,3971,3378,3618
330,3946,3490,3486,3969,3158,3660,3669,3176,3683,3154,4215,3406,3170,3890,3422,3583
340,4016,3512,3438,4026,3073,3648,3649,3125,3606,3151,4158,3466,3194,3977,3413,3625
350,3984,3502,3513,4004,3108,3665,3652,3130,3596,3180,4086,3431,3105,4103,3441,3577
360,4019,3491,3462,4072,3121,3615,3603,3126,3596,3222,4066,3449,3108,4032,3465,3630
370,3979,3396,3504,4108,3053,3691,3684,3188,3553,3185,4227,3426,3180,3960,3346,3597
380,4064,3449,3442,4086,3089,3690,3525,3091,3741,3119,4129,3494,3102,4084,3414,3558
390,3922,3527,3428,4087,3177,3592,3638,3151,3676,3153,4183,3415,3143,3968,3434,3583
400,3952,3557,3431,3966,3200,3649,3615,3154,3588,3138,4165,3398,3222,4059,3406,3577
410,4049,3474,3484,4110,3131,3635,3589,3163,3580,3148,4064,3524,3189,3945,3398,3594
420,3955,3483,3454,3995,3150,3519,3564,3190,3674,3241,4156,3542,3184,3958,3409,3603
430,3946,3425,3490,4007,3214,3669,3595,3142,3642,3211,4138,3470,3218,4016,3334,3560
440,4090,3448,3451,3985,3062,3651,3567,3146,3740,3177,4179,3499,3142,3901,3408,3631
450,4007,3531,3494,3926,3141,3658,3640,3116,3561,3080,4124,3526,3209,3981,3432,3651
460,3978,3524,3473,4018,3061,3550,3672,3096,3595,3162,4152,3450,3205,4024,3520,3597
470,4000,3469,3484,4003,3105,3622,3646,3155,3687,3133,4135,3536,3167,4014,3385,3536
480,3950,3485,3508,4072,3143,3640,3675,3078,3689,3108,4192,3427,3187,4016,3383,3524
490,4006,3596,3423,4050,3113,3618,3625,3166,3664,3191,4106,3386,3158,4006,3447,3522
500,3988,3527,3413,3994,3209,3617,3639,3098,3658,3154,4129,3528,3155,4041,3381,3546
510,3924,3577,3437,4009,3152,3675,3609,3181,3638,3211,4177,3482,3101,4000,3286,3618
520,3942,3579,3363,3964,3101,3595,3657,3227,3666,3188,4058,3513,3165,3999,3437,3623
530,4047,3460,3405,3912,3081,3644,3687,3121,3663,3256,4172,3495,3060,4083,3438,3553
540,3986,3512,3456,4007,3070,3609,3619,3209,3683,3172,4106,3498,3159,3985,3343,3663
550,4006,3539,3406,4002,3065,3659,3635,3230,3679,3107,4095,3510,3118,3953,3435,3638
560,3962,3499,3448,4084,3105,3624,3637,3195,3645,3150,4099,3487,3160,4003,3381,3598
570,3907,3501,3386,4063,3165,3544,3483,3169,3662,3234,4176,3523,3191,4001,3457,3615
580,3971,3447,3466,4082,3122,3562,3598,3096,3683,3081,4133,3523,3211,4033,3419,3650
590,3973,3483,3454,4070,3144,3628,3606,3131,3637,3164,4128,3446,3174,3983,3472,3584
600,4019,3508,3494,4022,3057,3652,3635,3060,3703,3257,4118,3423,3066,3951,3476,3636
610,4004,3511,3579,3985,3116,3600,3589,3109,3617,3189,4183,3464,3128,3944,3437,3622
620,3964,3429,3460,4028,3055,3658,3613,3081,3720,3196,4247,3435,3283,3940,3376,3592
630,3939,3533,3373,4042,3088,3615,3554,3127,3682,3091,4226,3527,3188,4000,3427,3665
640,3993,3414,3423,4017,3142,3636,3651,3088,3702,3198,4117,3495,3105,3991,3456,3649
650,3952,3387,3407,4048,3118,3722,3623,3173,3647,3215,4115,3478,3161,4004,3426,3601
660,3932,3452,3440,4116,3119,3705,3582,3050,3639,3223,4101,3524,3162,3986,3441,3605
670,4052,3534,3449,4022,3170,3579,3562,3097,3667,3094,4074,3494,3158,3976,3472,3677
680,3975,3369,3464,4000,3090,3725,3702,3126,3585,3136,4135,3435,3226,4051,3423,3635
690,3916,3508,3495,4083,3160,3625,3664,3122,3663,3241,4128,3442,3108,4018,3345,3559
700,4002,3485,3408,4028,3116,3664,3611,3082,3620,3172,4181,3486,3169,3950,3499,3604
710,3961,3576,3476,4043,3183,3694,3516,3129,3628,3220,4132,3446,3105,4005,3386,3577
720,3956,3505,3547,4014,3127,3594,3575,3166,3631,3171,4107,3445,3182,4067,3413,3577
730,3972,3546,3372,4028,3030,3594,3545,3133,3632,3171,4181,3541,3140,4117,3410,3665
740,4097,3464,3515,3966,3155,3638,3616,3129,3621,3153,4111,3500,3120,3992,3417,3583
750,4056,3461,3464,4010,3111,3655,3612,3122,3704,3255,4141,3435,3110,4033,3309,3599
760,4035,3533,3459,4082,3075,3704,3673,3121,3620,3168,4109,3435,3238,3926,3336,3563
770,3981,3503,3544,4042,3012,3654,3684,3205,3623,3223,4061,3460,3087,3935,3449,3614
780,4056,3474,3411,3975,3132,3621,3609,3163,3684,3135,4169,3468,3227,3961,3363,3629
790,3933,3594,3450,3964,3109,3650,3645,3133,3700,3162,4093,3510,3102,4014,3410,3608
800,4023,3464,3473,3953,3090,3670,3534,3150,3702,3199,4193,3476,3129,4067,3370,3584
810,3916,3613,3490,4000,3062,3637,3575,3067,3672,3197,4176,3507,3096,4014,3445,3610
820,3994,3494,3431,4054,3127,3628,3651,3156,3621,3162,4057,3477,3216,3996,3431,3582
830,4038,3474,3508,4034,3183,3653,3614,3060,3635,3128,4119,3378,3133,4062,3441,3617
840,3963,3517,3406,4124,3148,3626,3537,3078,3638,3231,4167,3521,3130,4019,3459,3513
850,4061,3467,3460,4018,3081,3598,3579,3137,3721,3199,4025,3528,3263,3985,3407,3548
860,3994,3505,3457,4011,3159,3638,3626,3139,3685,3200,4075,3367,3191,4036,3399,3595
870,3994,3523,3458,3925,3178,3680,3584,3098,3700,3199,4122,3516,3145,3994,3479,3482
880,3977,3521,3434,4072,3132,3661,3639,3144,3645,3190,4082,3499,3217,3924,3412,3528
890,3903,3532,3463,4064,3185,3692,3588,3185,3576,3219,4104,3363,3152,3961,3448,3642
900,3894,3528,3437,4005,3114,3645,3670,3213,3638,3211,4053,3498,3173,3974,3340,3684
910,4062,3537,3413,4050,3093,3602,3607,3133,3644,3114,4183,3498,3152,4023,3393,3573
920,3929,3491,3486,4008,3104,3685,3595,3162,3680,3154,4056,3474,3122,4006,3487,3638
930,4012,3524,3467,4113,3132,3632,3691,3127,3592,3203,4065,3494,3066,3961,3421,3577
940,3967,3529,3455,4046,3107,3665,3554,3148,3632,3201,4110,3499,3245,4018,3369,3532
950,4048,3577,3474,3990,3002,3698,3532,3026,3597,3229,4137,3481,3149,4154,3408,3575
960,3917,3524,3442,4145,3110,3516,3567,3178,3661,3141,4172,3546,3140,4004,3410,3604
970,3979,3432,3397,3972,3108,3646,3644,3141,3735,3221,4172,3420,3141,4057,3377,3635
980,3950,3457,3509,4052,3157,3586,3593,3186,3602,3202,4167,3428,3161,4062,3400,3565
990,3977,3521,3475,4001,3127,3670,3582,3112,3671,3155,4109,3480,3194,3983,3431,3589
1000,3964,3541,3504,4035,3101,3655,3598,3129,3613,3159,4131,3398,3211,3947,3490,3601
1010,3992,3451,3465,4048,3109,3626,3570,3193,3643,3063,4180,3449,3212,3932,3463,3681
1020,3899,3509,3450,4031,3127,3605,3693,3200,3670,3211,4149,3441,3201,3923,3396,3572
1030,3954,3589,3481,3984,3131,3651,3530,3123,3633,3152,4108,3506,3180,4041,3337,3677
1040,4001,3573,3446,4117,3077,3561,3537,3137,3563,3266,4192,3529,3136,4036,3383,3523
1050,3946,3463,3468,4074,3052,3688,3637,3083,3777,3167,4073,3407,3177,4010,3401,3654
1060,3864,3601,3397,4022,3050,3630,3636,3156,3672,3170,4178,3413,3215,3981,3489,3603
1070,3936,3529,3429,3988,3177,3615,3631,3170,3658,3158,4079,3475,3158,4070,3382,3622
1080,3938,3557,3378,4053,3118,3655,3598,3141,3667,3164,4090,3529,3153,3964,3527,3545
1090,3962,3540,3521,4070,3127,3614,3600,3170,3575,3128,4157,3536,3221,3920,3409,3527
1100,3929,3467,3343,4032,3126,3628,3627,3161,3576,3188,4173,3508,3194,4024,3473,3628
1110,3973,3488,3518,4080,3084,3577,3633,3143,3646,3213,4093,3382,3146,3992,3448,3661
1120,4024,3492,3529,4111,3075,3619,3603,3131,3592,3217,4088,3477,3158,3988,3431,3542
1130,4000,3564,3417,3949,3200,3666,3655,3192,3604,3196,4123,3489,3107,3948,3390,3577
1140,3987,3396,3474,4061,3141,3628,3658,3192,3611,3229,4096,3415,3254,4035,3419,3481
1150,3967,3470,3414,3987,3117,3587,3621,3172,3678,3189,4174,3438,3199,4083,3358,3623
1160,3981,3604,3488,4035,3146,3645,3569,3089,3572,3219,4091,3529,3190,3939,3336,3644
1170,3993,3459,3489,3970,3029,3582,3689,3215,3645,3133,4193,3453,3123,4051,3425,3628
1180,4089,3548,3451,4046,3080,3629,3606,3155,3681,3117,4073,3527,3173,4041,3336,3525
1190,4060,3521,3449,3969,3135,3640,3651,3090,3608,3186,4233,3390,3152,4005,3428,3560
1200,3861,3550,3462,4000,3148,3729,3581,3148,3648,3186,4141,3494,3170,3985,3444,3530
1210,3933,3448,3396,4019,3237,3609,3626,3121,3686,3128,4223,3493,3228,3919,3431,3580
1220,3941,3544,3411,4062,3146,3716,3583,3044,3599,3134,4085,3547,3173,3969,3548,3575
1230,4047,3460,3402,3980,3195,3584,3619,3057,3649,3162,4145,3544,3232,4039,3392,3570
1240,3991,3467,3568,3971,3128,3678,3541,3096,3653,3144,4146,3443,3194,3986,3428,3643
1250,3934,3505,3464,4039,3077,3689,3493,3183,3654,3176,4099,3464,3209,3986,3484,3621
1260,4006,3444,3426,4056,3072,3668,3602,3167,3543,3168,4182,3528,3272,3910,3377,3656
1270,4021,3525,3458,4150,3064,3616,3588,3149,3640,3178,4084,3466,3213,3925,3400,3600
1280,3993,3447,3456,4049,3153,3615,3565,3128,3609,3165,4100,3527,3184,4044,3366,3676
1290,4027,3477,3413,3982,3137,3651,3650,3181,3663,3131,4178,3501,3097,3978,3390,3621
1300,3971,3443,3517,3995,3199,3624,3612,3163,3777,3168,4107,3492,3212,3965,3336,3496
1310,3995,3567,3400,3983,3096,3653,3656,3066,3575,3215,4196,3428,3184,4067,3343,3653
1320,3863,3449,3441,4053,3104,3638,3637,3190,3692,3150,4205,3426,3249,4020,3374,3586
1330,3907,3475,3482,3963,3209,3612,3604,3181,3600,3163,4123,3427,3130,4155,3393,3653
1340,3953,3478,3462,3975,3210,3655,3593,3103,3639,3148,4138,3532,3195,3959,3414,3623
1350,3983,3587,3470,4024,3189,3626,3637,3091,3680,3161,4059,3506,3187,3926,3395,3556
1360,4032,3559,3464,4022,3180,3586,3630,3196,3660,3114,4098,3407,3072,4054,3425,3578
1370,3977,3488,3496,3954,3165,3720,3597,3220,3622,3066,4103,3454,3193,4066,3426,3530
1380,4002,3541,3456,3989,3054,3595,3602,3196,3647,3134,4132,3547,3122,4030,3472,3558
1390,3944,3482,3481,3976,3096,3589,3631,3115,3667,3151,4131,3503,3116,4083,3477,3635
1400,3997,3534,3471,4010,3118,3619,3653,3118,3722,3097,4112,3466,3088,4002,3483,3587
1410,3982,3523,3466,3980,3177,3670,3649,3122,3598,3158,4194,3431,3137,3960,3423,3607
1420,3946,3468,3524,3936,3085,3648,3638,3182,3633,3098,4096,3470,3228,3990,3397,3738
1430,3960,3465,3386,4054,3122,3600,3703,3049,3722,3138,4228,3454,3240,3953,3369,3634
1440,3894,3557,3422,3985,3106,3663,3631,3178,3686,3185,4152,3396,3196,3954,3455,3617
1450,3986,3489,3489,3950,3135,3620,3597,3220,3649,3178,4090,3357,3170,4015,3493,3639
1460,3942,3480,3545,4012,3120,3657,3647,3180,3658,3077,4171,3391,3178,4029,3428,3562
1470,3950,3540,3433,4067,3158,3688,3555,3116,3644,3132,4133,3496,3140,4003,3425,3597
1480,4000,3493,3495,4030,3090,3595,3526,3218,3687,3199,4094,3527,3130,3972,3400,3621
1490,3947,3469,3526,4070,3095,3653,3590,3119,3674,3139,4138,3484,3148,3930,3466,3629
1500,3878,3423,3437,4068,3071,3725,3702,3198,3631,3127,4207,3435,3191,4034,3389,3561
1510,3869,3436,3461,3989,3125,3659,3730,3099,3689,3159,4170,3468,3220,3994,3502,3507
1520,3843,3455,3483,4005,3175,3692,3561,3121,3645,3155,4100,3541,3190,4070,3428,3613
1530,4044,3485,3542,4061,3137,3598,3613,3118,3652,3133,4054,3436,3212,4030,3410,3552
1540,3997,3548,3422,4132,3106,3650,3614,3164,3629,3148,4112,3442,3194,3947,3392,3580
1550,4016,3491,3458,4048,3142,3565,3582,3111,3690,3125,4088,3526,3125,4076,3448,3586
1560,3946,3543,3484,3973,3177,3656,3573,3165,3622,3194,4103,3410,3197,3996,3434,3604
1570,4056,3486,3452,4028,3144,3541,3610,3104,3671,3129,4046,3497,3150,4022,3487,3654
1580,3992,3537,3486,4022,3044,3680,3574,3119,3739,3213,4118,3472,3166,3935,3377,3603
1590,3933,3557,3494,4143,3126,3652,3654,3129,3627,3128,4109,3404,3140,4023,3397,3561
1600,4070,3441,3478,4045,3076,3641,3615,3202,3601,3166,4200,3427,3116,3957,3397,3645
1610,3954,3464,3437,4061,3140,3658,3561,3137,3663,3199,4098,3515,3180,4011,3422,3577
1620,3992,3581,3499,3896,3083,3595,3584,3072,3666,3155,4084,3589,3195,4066,3460,3560
1630,4058,3507,3465,4025,3169,3640,3687,3152,3678,3076,4119,3474,3131,3927,3423,3546
1640,3958,3535,3434,4033,3064,3675,3567,3234,3572,3142,4164,3492,3184,3943,3428,3652
1650,4008,3501,3452,4085,3093,3536,3614,3124,3696,3177,4251,3405,3191,3930,3452,3562
1660,3995,3432,3485,4021,3195,3681,3632,3107,3623,3220,4153,3466,3188,3943,3381,3555
1670,4016,3480,3454,4056,3123,3715,3558,3165,3649,3112,4159,3499,3162,3908,3456,3565
1680,3897,3508,3491,4169,3118,3673,3636,3104,3660,3100,4059,3524,3198,3933,3414,3593
1690,4066,3390,3449,4012,3127,3571,3567,3167,3686,3135,4181,3503,3235,3956,3411,3621
1700,3942,3476,3490,3991,3124,3560,3648,3205,3589,3169,4127,3463,3209,4127,3401,3556
1710,3909,3466,3516,4073,3181,3564,3725,3129,3627,3134,4193,3465,3138,4077,3402,3478
1720,3936,3476,3405,3971,3212,3706,3633,3117,3631,3166,4082,3526,3221,4013,3368,3614
1730,4062,3493,3430,3951,3105,3669,3533,3179,3678,3193,4082,3539,3153,4002,3369,3639
1740,3937,3551,3468,4082,3053,3595,3623,3151,3583,3230,4126,3471,3227,3967,3439,3574
1750,3912,3492,3461,4056,3077,3591,3628,3133,3683,3171,4105,3486,3167,4101,3451,3563
1760,3962,3454,3436,4099,3092,3645,3640,3195,3685,3164,4136,3444,3089,4001,3385,3650
1770,4051,3560,3397,3984,3109,3642,3560,3162,3639,3238,4051,3433,3166,4092,3425,3568
1780,3977,3511,3426,4026,3189,3598,3630,3088,3644,3254,4085,3489,3187,3991,3393,3589
1790,3919,3523,3540,3975,3109,3618,3650,3103,3663,3112,4129,3482,3185,3972,3471,3626
1800,3972,3556,3572,3979,2996,3627,3615,3193,3689,3147,4063,3467,3124,4065,3396,3616
1810,4001,3545,3511,4032,3159,3569,3517,3117,3634,3145,4117,3468,3227,4023,3417,3595
1820,3954,3555,3545,4050,3111,3692,3476,3146,3739,3173,4158,3430,3156,3950,3332,3610
1830,3940,3559,3470,4051,3178,3675,3668,3113,3723,3196,4111,3435,3113,3878,3415,3552
1840,3930,3516,3476,4080,3138,3681,3593,3123,3648,3137,4117,3452,3185,3954,3465,3582
1850,4041,3493,3452,4041,3059,3700,3654,3167,3700,3188,4109,3418,3153,3908,3420,3574
1860,4050,3429,3415,3974,3143,3607,3579,3231,3601,3213,4127,3510,3145,4020,3410,3623
1870,4024,3536,3392,4010,3101,3606,3675,3097,3690,3224,4058,3460,3185,3996,3458,3565
1880,3929,3602,3442,4079,3147,3613,3595,3071,3672,3207,4103,3425,3221,4013,3428,3530
1890,3995,3476,3444,4055,3174,3637,3661,3169,3654,3142,4119,3460,3167,3952,3433,3539
1900,4026,3456,3435,3946,3162,3741,3586,3123,3636,3163,4152,3517,3155,4036,3370,3573
1910,3998,3591,3494,4032,3116,3640,3591,3096,3669,3216,4165,3497,3118,3942,3349,3563
1920,4020,3466,3372,4075,3154,3624,3598,3137,3614,3167,4171,3519,3110,3980,3490,3580
1930,3967,3545,3508,4030,3117,3642,3613,3078,3596,3202,4116,3455,3149,4033,3414,3612
1940,3947,3477,3490,4008,3079,3617,3624,3170,3617,3129,4077,3617,3200,3999,3439,3587
1950,3994,3455,3435,4084,3099,3665,3615,3116,3682,3164,4129,3482,3246,3980,3304,3627
1960,3965,3484,3494,3966,3123,3562,3577,3150,3692,3159,4219,3494,3181,3973,3420,3618
1970,3985,3437,3531,3960,3110,3700,3627,3203,3645,3120,4075,3534,3180,4006,3457,3507
1980,3938,3484,3423,4007,3095,3661,3595,3179,3679,3166,4112,3608,3143,4057,3367,3563
1990,4008,3453,3400,4059,3078,3681,3628,3222,3700,3112,4195,3456,3146,3993,3344,3602
2000,3958,3499,3408,4084,3130,3555,3599,3160,3710,3172,4045,3411,3240,4029,3424,3653
2010,3961,3563,3445,3993,3077,3576,3635,3139,3637,3154,4171,3579,3107,4032,3437,3571
2020,3890,3523,3479,4047,3184,3652,3589,3168,3601,3078,4076,3409,3226,4046,3527,3582
2030,3943,3563,3458,4032,3109,3629,3600,3153,3619,3166,4189,3450,3171,4036,3388,3571
2040,3982,3489,3499,3986,3104,3625,3606,3172,3632,3170,4135,3520,3130,4037,3376,3614
2050,3970,3469,3461,3979,3185,3639,3564,3137,3771,3200,4113,3437,3171,4019,3389,3573
2060,3991,3523,3479,3940,3163,3712,3654,3105,3627,3119,4062,3461,3239,3999,3410,3593
2070,3986,3497,3459,4018,3084,3613,3587,3119,3646,3076,4290,3561,3213,3981,3434,3513
2080,3944,3483,3417,3970,3072,3667,3616,3107,3669,3220,4132,3495,3271,3974,3424,3616
2090,3958,3410,3436,4011,3090,3609,3679,3136,3763,3171,4061,3468,3244,3965,3394,3682
2100,3979,3561,3344,4043,3042,3607,3658,3162,3750,3197,4052,3486,3158,4025,3383,3630
2110,3966,3519,3449,4070,3088,3612,3582,3043,3728,3154,4166,3459,3145,4000,3525,3571
2120,3964,3491,3374,4101,3136,3579,3587,3179,3664,3154,4077,3500,3195,4062,3487,3527
2130,3978,3526,3387,4076,3127,3567,3605,3219,3577,3201,4044,3547,3263,3963,3342,3655
2140,3898,3491,3500,4020,3089,3691,3702,3133,3675,3164,4166,3382,3102,4023,3458,3583
2150,3998,3504,3469,4053,3157,3717,3619,3077,3653,3073,4100,3453,3177,4074,3401,3552
2160,4013,3499,3462,3965,3116,3662,3609,3096,3686,3194,4093,3488,3180,4069,3340,3605
2170,4035,3610,3418,4076,3089,3601,3574,3160,3697,3169,4068,3411,3161,4026,3420,3562
2180,3910,3478,3479,4055,3157,3662,3635,3144,3638,3120,4185,3485,3179,3983,3404,3563
2190,3996,3589,3423,3993,3127,3571,3591,3199,3686,3211,4065,3519,3192,3958,3354,3603
2200,3894,3459,3453,4061,3142,3646,3596,3124,3633,3159,4162,3446,3241,4016,3457,3588
2210,3992,3456,3417,4030,3160,3679,3656,3151,3715,3173,4115,3429,3173,3973,3447,3511
2220,3913,3598,3492,4024,3138,3667,3528,3131,3642,3129,4157,3455,3172,4061,3343,3627
2230,4046,3446,3535,4008,3090,3571,3636,3172,3624,3159,4123,3514,3130,4035,3459,3529
2240,4005,3482,3402,4055,3134,3619,3595,3113,3741,3131,4165,3424,3147,3999,3405,3660
2250,3992,3447,3436,4042,3061,3673,3610,3103,3695,3163,4167,3484,3215,3983,3477,3529
2260,3861,3491,3580,3970,3140,3675,3629,3135,3621,3145,4197,3474,3178,4010,3311,3660
2270,4049,3509,3451,4076,3106,3588,3567,3126,3561,3154,4214,3472,3212,3915,3418,3659
2280,3996,3522,3452,4076,3103,3604,3694,3216,3626,3103,4175,3404,3074,3979,3491,3562
2290,3981,3544,3468,4119,3087,3610,3578,3177,3609,3152,4069,3510,3166,4009,3441,3557
2300,4009,3437,3463,4004,3124,3609,3665,3072,3635,3134,4201,3543,3183,3988,3434,3576
2310,3993,3452,3478,4056,3088,3658,3609,3131,3663,3152,4163,3493,3125,4005,3444,3567
2320,3919,3585,3456,4090,3126,3580,3567,3096,3669,3189,4070,3491,3146,4004,3450,3639
2330,3855,3560,3334,4063,3131,3591,3587,3173,3638,3204,4173,3480,3277,3949,3439,3623
2340,3992,3512,3424,3978,3132,3636,3675,3149,3612,3142,4102,3573,3187,3961,3493,3509
2350,3924,3608,3395,4006,3130,3700,3503,3151,3577,3207,4168,3435,3151,4082,3419,3621
2360,3945,3435,3450,4044,3119,3571,3705,3257,3637,3090,4140,3478,3150,4015,3407,3634
2370,4049,3508,3391,4024,3129,3663,3592,3194,3691,3089,4222,3454,3044,4005,3412,3610
2380,4026,3447,3543,4083,3167,3568,3565,3203,3574,3123,4099,3468,3204,4053,3420,3534
2390,3942,3530,3374,3955,3119,3697,3642,3083,3690,3139,4176,3472,3193,4027,3448,3590
2400,4052,3448,3459,4051,3139,3609,3656,3127,3666,3149,4084,3530,3203,3887,3348,3669
2410,4083,3464,3454,3973,3002,3690,3665,3139,3689,3192,4075,3437,3153,4072,3350,3639
2420,3982,3480,3416,3985,3146,3635,3605,3218,3628,3198,4144,3432,3173,4006,3401,3628
2430,3998,3525,3406,4093,3122,3570,3663,3134,3703,3141,4151,3480,3119,4025,3380,3567
2440,3953,3600,3454,4063,3134,3684,3634,3142,3579,3155,4096,3464,3195,3979,3378,3567
2450,4055,3466,3434,4021,3093,3584,3547,3202,3639,3201,4224,3454,3193,4040,3434,3490
2460,3944,3531,3481,4012,3132,3666,3628,3150,3597,3114,4191,3462,3171,3934,3426,3638
2470,3982,3548,3362,4068,3137,3661,3593,3139,3665,3186,4097,3460,3177,3970,3431,3601
2480,3926,3471,3481,4082,3129,3611,3583,3179,3674,3193,4069,3497,3145,3950,3435,3652
2490,3926,3466,3478,4105,3115,3713,3569,3144,3577,3141,4155,3502,3173,4021,3417,3575
2500,3977,3499,3353,4012,3158,3773,3628,3189,3682,3256,4159,3429,3056,3974,3396,3536
2510,4005,3493,3490,3988,3070,3632,3608,3254,3707,3076,4201,3487,3157,3963,3316,3630
2520,3893,3518,3470,3957,3140,3646,3560,3108,3620,3212,4161,3476,3184,4061,3440,3631
2530,3951,3535,3492,4029,3108,3553,3696,3159,3643,3146,4189,3488,3138,4020,3364,3566
2540,3967,3561,3450,4074,3031,3676,3581,3124,3680,3140,4069,3499,3165,3989,3473,3598
2550,4040,3466,3464,3957,3060,3679,3657,3133,3606,3110,4180,3507,3131,3989,3421,3677
2560,3946,3539,3424,4023,3131,3576,3574,3165,3585,3199,4170,3550,3147,3940,3570,3538
2570,4045,3402,3443,4053,3068,3588,3670,3159,3644,3160,4090,3437,3170,4099,3457,3592
2580,3904,3426,3545,4090,3097,3648,3620,3217,3645,3200,4111,3430,3089,4018,3424,3613
2590,4007,3640,3483,3955,3146,3635,3592,3152,3617,3131,4058,3455,3164,3999,3443,3600
2600,4008,3453,3462,4054,3074,3595,3665,3171,3627,3212,4142,3486,3178,4044,3351,3555
2610,3920,3503,3613,4013,3096,3638,3579,3169,3648,3249,4200,3543,3115,3920,3335,3536
2620,4021,3629,3428,4044,3088,3568,3638,3056,3588,3209,4106,3499,3116,4055,3384,3648
2630,3982,3516,3472,3954,3115,3701,3618,3174,3559,3165,4120,3520,3148,3955,3460,3618
2640,4000,3609,3402,4013,3046,3605,3640,3104,3607,3165,4179,3483,3234,4029,3368,3593
2650,3954,3527,3483,4034,3135,3589,3631,3155,3716,3198,4132,3431,3201,3907,3427,3557
2660,3967,3444,3436,3984,3127,3620,3589,3199,3654,3196,4144,3458,3192,4007,3460,3600
2670,3969,3460,3407,3953,3081,3715,3647,3114,3704,3173,4170,3489,3193,3998,3408,3596
2680,3930,3478,3398,4037,3117,3623,3666,3161,3598,3198,4131,3429,3168,3965,3561,3617
2690,3864,3457,3516,4139,3162,3559,3594,3133,3676,3156,4183,3478,3187,4051,3369,3553
2700,3981,3437,3538,4032,3129,3683,3585,3153,3656,3117,4064,3458,3149,4000,3456,3639
2710,4066,3606,3471,3980,3116,3685,3639,3095,3661,3158,4071,3485,3119,3940,3396,3589
2720,3994,3485,3445,3995,3188,3618,3604,3182,3617,3164,4184,3372,3224,4045,3362,3598
2730,4000,3489,3504,4049,3113,3626,3631,3093,3703,3183,4116,3419,3148,3991,3463,3549
2740,4011,3429,3552,3961,3109,3580,3626,3212,3665,3076,4200,3503,3158,3969,3408,3618
2750,4027,3508,3436,4060,3150,3631,3567,3088,3631,3171,4163,3459,3167,4033,3445,3541
2760,3958,3434,3368,4041,3087,3613,3589,3243,3663,3177,4162,3529,3191,3910,3469,3643
2770,3956,3493,3453,4053,3111,3638,3601,3143,3644,3119,4191,3451,3142,4025,3402,3655
2780,3917,3552,3449,4094,3138,3647,3593,3008,3712,3160,4055,3517,3109,4087,3451,3588
2790,3980,3501,3456,4005,3149,3635,3628,3137,3623,3149,4205,3550,3165,4016,3323,3555
2800,3936,3503,3515,4062,3062,3665,3587,3252,3581,3133,4070,3445,3263,4002,3430,3571
2810,3985,3541,3428,3999,3201,3623,3580,3221,3689,3124,4182,3379,3193,3892,3417,3623
2820,3962,3523,3425,4052,3149,3590,3608,3142,3661,3195,4125,3527,3143,4038,3430,3507
2830,3989,3515,3522,4045,3138,3684,3595,3171,3675,3098,4154,3430,3137,3954,3378,3592
2840,4130,3442,3454,4006,3154,3642,3654,3085,3638,3114,4093,3430,3152,4064,3453,3566
2850,3916,3454,3548,3961,3052,3734,3599,3128,3652,3185,4088,3536,3124,4076,3398,3626
2860,4047,3542,3476,4017,3093,3706,3591,3131,3637,3165,4089,3425,3148,3964,3477,3569
2870,4023,3466,3488,4055,3205,3558,3568,3161,3591,3203,4180,3416,3168,4015,3476,3504
2880,3818,3556,3419,4054,3079,3652,3674,3122,3619,3196,4110,3435,3245,4123,3345,3630
2890,3978,3451,3410,4072,3169,3671,3565,3132,3606,3188,4117,3485,3193,4036,3458,3546
2900,4025,3513,3451,4039,3080,3635,3582,3117,3628,3195,4191,3492,3154,4028,3387,3560
2910,3975,3472,3497,3988,3150,3612,3590,3155,3626,3149,4173,3537,3230,3877,3410,3636
2920,3959,3480,3475,3982,3109,3683,3561,3071,3659,3210,4085,3538,3117,4050,3463,3635
2930,3917,3453,3469,4041,3077,3663,3627,3191,3641,3128,4105,3392,3213,4062,3453,3645
2940,4122,3534,3467,3947,3105,3584,3656,3098,3630,3196,4075,3447,3230,3992,3414,3580
2950,4026,3499,3404,4087,3142,3619,3599,3171,3555,3223,4051,3441,3239,4067,3410,3544
2960,3972,3541,3491,3996,3044,3653,3676,3158,3635,3129,4110,3484,3137,4035,3434,3582
2970,3982,3549,3403,3992,3065,3574,3596,3151,3650,3167,4175,3451,3195,4046,3508,3573
2980,3975,3457,3516,4028,3114,3608,3660,3162,3617,3259,4100,3441,3175,3992,3384,3589
2990,3945,3521,3550,4045,3107,3672,3637,3187,3590,3099,4148,3422,3144,3976,3439,3595
3000,4035,3434,3494,4039,3096,3692,3585,3185,3673,3197,4089,3425,3123,3990,3413,3607
