iteration,0,1,2,3,4,5,6,7,8,9,10,11
0,0,57077,0,0,0,0,0,0,0,0,0,0
10,21503,19895,10236,5120,276,37,9,1,0,0,0,0
20,23636,16960,10159,5622,593,83,22,2,0,0,0,0
30,25863,13749,10399,5938,965,129,29,4,0,1,0,0
40,27532,11571,10274,6164,1273,211,46,5,1,0,0,0
50,28277,10685,10097,6273,1427,249,60,7,1,1,0,0
60,28807,10030,10016,6323,1550,274,65,10,2,0,0,0
70,28937,9926,9852,6448,1557,280,67,8,1,1,0,0
80,29187,9641,9740,6540,1592,307,59,9,2,0,0,0
90,29204,9511,9990,6370,1623,303,66,8,1,1,0,0
100,29304,9412,9910,6452,1596,325,68,8,2,0,0,0
110,29351,9404,9759,6559,1632,298,61,10,3,0,0,0
120,29377,9312,9902,6458,1648,303,62,12,3,0,0,0
130,29386,9421,9721,6468,1703,288,75,12,3,0,0,0
140,29479,9242,9829,6433,1714,282,78,16,4,0,0,0
150,29515,9236,9697,6560,1691,282,81,13,2,0,0,0
160,29479,9222,9771,6597,1627,298,64,15,3,0,0,1
170,29557,9110,9816,6526,1682,304,67,13,2,0,0,0
180,29493,9172,9840,6537,1660,292,69,12,2,0,0,0
190,29502,9171,9816,6569,1627,313,62,14,3,0,0,0
200,29551,9139,9725,6653,1616,312,65,13,3,0,0,0
210,29608,9097,9715,6586,1669,312,76,12,2,0,0,0
220,29543,9047,9874,6616,1641,285,57,9,5,0,0,0
230,29633,9009,9763,6612,1696,279,71,11,3,0,0,0
240,29717,8910,9735,6642,1702,292,57,16,5,1,0,0
250,29542,9046,9902,6612,1594,301,57,18,4,0,1,0
260,29570,9098,9777,6586,1672,293,59,16,6,0,0,0
270,29668,8997,9727,6628,1662,300,74,18,3,0,0,0
280,29712,8911,9763,6618,1698,277,78,19,1,0,0,0
290,29656,8964,9829,6551,1681,320,57,16,3,0,0,0
300,29645,8999,9758,6609,1694,293,61,16,2,0,0,0
310,29580,9047,9821,6614,1629,304,68,11,2,1,0,0
320,29670,8962,9788,6597,1657,321,64,13,5,0,0,0
330,29599,9023,9791,6665,1619,307,49,20,4,0,0,0
340,29590,9047,9855,6496,1718,288,64,16,3,0,0,0
350,29541,9075,9902,6516,1667,293,65,17,1,0,0,0
360,29612,9000,9839,6564,1696,290,63,10,2,1,0,0
370,29624,8991,9811,6604,1680,289,63,11,4,0,0,0
380,29659,9015,9705,6650,1632,335,71,8,1,1,0,0
390,29721,8865,9782,6641,1709,283,62,11,2,1,0,0
400,29745,8922,9662,6658,1686,326,65,12,0,1,0,0
410,29652,8975,9789,6581,1719,282,63,12,3,1,0,0
420,29730,8899,9726,6648,1691,299,67,16,0,1,0,0
430,29700,8882,9868,6558,1677,296,78,15,3,0,0,0
440,29724,8918,9747,6574,1736,290,71,15,1,0,1,0
450,29786,8796,9788,6631,1683,305,67,16,4,1,0,0
460,29707,8945,9736,6598,1696,310,66,16,3,0,0,0
470,29620,9013,9835,6552,1654,315,69,19,0,0,0,0
480,29583,9012,9893,6529,1702,278,69,9,1,1,0,0
490,29615,8953,9915,6569,1643,293,75,13,0,1,0,0
500,29597,8998,9850,6625,1617,315,65,9,1,0,0,0
510,29526,9100,9871,6561,1642,299,62,12,3,1,0,0
520,29598,9036,9771,6641,1675,280,62,10,2,2,0,0
530,29647,8939,9846,6583,1702,288,57,13,2,0,0,0
540,29683,8883,9848,6627,1653,309,59,14,1,0,0,0
550,29721,8795,9887,6635,1678,291,58,9,2,1,0,0
560,29715,8825,9848,6654,1663,300,62,10,0,0,0,0
570,29698,8936,9718,6642,1712,308,53,8,1,1,0,0
580,29676,8947,9779,6574,1747,273,70,11,0,0,0,0
590,29621,8967,9880,6566,1658,305,66,13,1,0,0,0
600,29628,8953,9881,6573,1652,316,64,9,1,0,0,0
610,29744,8891,9717,6648,1684,304,73,14,2,0,0,0
620,29701,8883,9816,6629,1666,301,64,14,3,0,0,0
630,29635,8996,9769,6609,1726,264,57,18,3,0,0,0
640,29697,8858,9865,6611,1681,281,67,12,4,1,0,0
650,29580,8962,9928,6625,1627,277,61,13,2,2,0,0
660,29699,8877,9800,6662,1679,284,60,10,6,0,0,0
670,29647,8924,9868,6595,1666,306,60,10,1,0,0,0
680,29724,8829,9856,6608,1680,300,70,8,2,0,0,0
690,29644,8943,9768,6761,1601,276,61,19,4,0,0,0
700,29680,8918,9784,6662,1667,280,69,14,2,1,0,0
710,29714,8937,9736,6580,1718,313,66,10,2,1,0,0
720,29701,8910,9751,6686,1647,293,75,10,3,0,1,0
730,29733,8873,9735,6677,1685,298,62,11,3,0,0,0
740,29683,8910,9818,6606,1690,290,60,17,3,0,0,0
750,29642,8959,9832,6620,1631,308,69,12,4,0,0,0
760,29802,8795,9779,6580,1729,309,64,14,4,1,0,0
770,29697,8956,9698,6680,1652,308,68,15,3,0,0,0
780,29768,8842,9790,6553,1723,322,64,10,5,0,0,0
790,29749,8896,9770,6525,1730,317,72,15,3,0,0,0
800,29710,8933,9773,6579,1679,302,77,20,3,1,0,0
810,29733,8868,9832,6544,1689,330,65,12,3,1,0,0
820,29787,8807,9762,6591,1760,301,58,8,3,0,0,0
830,29670,8944,9828,6561,1681,306,71,14,2,0,0,0
840,29758,8847,9794,6570,1711,311,71,13,2,0,0,0
850,29593,9052,9784,6606,1675,285,63,16,3,0,0,0
860,29758,8832,9794,6616,1683,310,63,19,2,0,0,0
870,29725,8881,9766,6622,1714,290,63,14,2,0,0,0
880,29713,8904,9745,6666,1660,307,65,16,1,0,0,0
890,29727,8856,9759,6696,1675,284,66,13,1,0,0,0
900,29768,8850,9672,6743,1666,294,70,12,2,0,0,0
910,29746,8868,9706,6725,1647,295,73,15,2,0,0,0
920,29728,8831,9810,6682,1650,300,55,18,3,0,0,0
930,29688,8895,9801,6671,1647,291,69,10,5,0,0,0
940,29554,9040,9857,6634,1628,296,52,11,5,0,0,0
950,29580,8989,9847,6693,1614,284,55,11,4,0,0,0
960,29665,8944,9823,6570,1685,319,58,10,3,0,0,0
970,29617,8933,9910,6596,1664,280,62,12,3,0,0,0
980,29745,8837,9790,6644,1678,298,71,12,2,0,0,0
990,29728,8955,9704,6592,1672,331,74,18,2,1,0,0
1000,29682,8929,9808,6591,1674,312,67,11,3,0,0,0
1010,29693,8904,9852,6518,1734,299,59,14,4,0,0,0
1020,29530,9096,9868,6561,1663,266,74,16,3,0,0,0
1030,29632,8995,9773,6646,1671,271,68,17,4,0,0,0
1040,29630,9065,9737,6574,1655,324,72,16,4,0,0,0
1050,29647,8976,9820,6601,1612,332,77,9,2,1,0,0
1060,29723,8864,9828,6599,1664,312,69,14,4,0,0,0
1070,29731,8871,9821,6555,1700,312,74,9,4,0,0,0
1080,29668,8895,9868,6618,1655,286,71,13,2,1,0,0
1090,29741,8902,9723,6639,1681,288,82,15,5,0,0,1
1100,29644,9001,9720,6720,1582,332,61,14,3,0,0,0
1110,29735,8897,9743,6603,1706,316,62,11,4,0,0,0
1120,29778,8772,9818,6654,1666,306,71,9,3,0,0,0
1130,29718,8841,9884,6567,1684,295,66,16,6,0,0,0
1140,29658,8943,9852,6597,1626,299,79,18,5,0,0,0
1150,29761,8775,9854,6632,1684,287,66,13,5,0,0,0
1160,29709,8910,9782,6595,1694,302,68,12,5,0,0,0
1170,29667,8953,9841,6526,1686,318,74,10,2,0,0,0
1180,29794,8786,9796,6616,1682,309,83,8,3,0,0,0
1190,29681,8884,9850,6615,1688,279,65,10,4,1,0,0
1200,29705,8888,9877,6521,1668,322,83,12,1,0,0,0
1210,29692,8948,9718,6693,1628,311,66,17,4,0,0,0
1220,29763,8816,9837,6586,1661,325,67,19,2,1,0,0
1230,29657,8955,9799,6618,1681,274,78,13,1,1,0,0
1240,29776,8742,9887,6605,1689,293,73,9,3,0,0,0
1250,29761,8845,9708,6715,1660,308,70,9,1,0,0,0
1260,29753,8876,9697,6710,1649,294,79,15,4,0,0,0
1270,29643,9016,9694,6686,1658,314,53,10,2,1,0,0
1280,29678,8937,9823,6581,1643,334,63,14,3,1,0,0
1290,29661,8931,9793,6701,1602,306,67,11,5,0,0,0
1300,29622,8975,9855,6578,1669,301,65,10,1,1,0,0
1310,29604,9082,9681,6663,1689,278,65,12,3,0,0,0
1320,29647,8976,9756,6662,1663,301,59,12,1,0,0,0
1330,29626,8966,9817,6650,1649,294,67,5,3,0,0,0
1340,29673,8916,9817,6625,1666,309,57,11,3,0,0,0
1350,29655,9008,9755,6596,1655,319,69,18,2,0,0,0
1360,29605,8971,9847,6675,1608,291,63,14,3,0,0,0
1370,29658,8920,9815,6680,1636,281,73,12,2,0,0,0
1380,29697,8844,9857,6659,1651,292,63,12,2,0,0,0
1390,29672,8917,9813,6639,1663,292,66,12,2,1,0,0
1400,29746,8856,9781,6597,1715,297,74,9,2,0,0,0
1410,29795,8758,9761,6718,1663,310,66,3,3,0,0,0
1420,29736,8829,9780,6700,1662,292,68,8,2,0,0,0
1430,29619,9010,9756,6703,1599,304,74,10,2,0,0,0
1440,29715,8853,9792,6690,1653,302,58,12,2,0,0,0
1450,29753,8785,9902,6545,1702,310,66,13,1,0,0,0
1460,29697,8921,9791,6593,1676,322,61,13,3,0,0,0
1470,29731,8860,9814,6595,1679,319,61,17,1,0,0,0
1480,29692,8970,9674,6663,1714,286,65,10,3,0,0,0
1490,29603,9010,9803,6644,1660,275,65,12,5,0,0,0
1500,29785,8780,9772,6656,1722,290,60,9,3,0,0,0
1510,29684,8931,9771,6642,1656,320,59,12,2,0,0,0
1520,29655,9003,9745,6599,1689,305,63,16,2,0,0,0
1530,29766,8862,9726,6616,1725,297,67,16,2,0,0,0
1540,29743,8854,9763,6645,1679,329,51,9,4,0,0,0
1550,29692,8933,9785,6569,1714,309,62,10,3,0,0,0
1560,29648,9016,9718,6642,1656,323,61,10,3,0,0,0
1570,29804,8813,9736,6593,1749,292,76,12,1,1,0,0
1580,29713,8904,9716,6687,1698,280,68,8,3,0,0,0
1590,29661,8965,9720,6743,1602,298,74,11,3,0,0,0
1600,29674,9035,9628,6669,1689,301,56,20,3,2,0,0
1610,29675,8892,9860,6617,1657,294,64,13,4,1,0,0
1620,29574,9040,9845,6573,1688,286,54,14,3,0,0,0
1630,29606,9002,9777,6691,1653,277,51,15,5,0,0,0
1640,29633,8961,9830,6631,1656,278,70,15,3,0,0,0
1650,29721,8835,9794,6700,1681,265,64,15,2,0,0,0
1660,29689,8879,9796,6706,1644,279,74,7,3,0,0,0
1670,29753,8860,9757,6650,1646,317,78,12,4,0,0,0
1680,29815,8735,9789,6684,1660,308,72,12,2,0,0,0
1690,29795,8771,9766,6673,1700,292,68,9,3,0,0,0
1700,29701,8866,9889,6540,1694,304,67,13,3,0,0,0
1710,29783,8757,9859,6589,1692,335,46,13,2,1,0,0
1720,29667,8949,9767,6646,1678,295,60,11,4,0,0,0
1730,29671,8949,9733,6713,1635,295,63,14,4,0,0,0
1740,29804,8823,9756,6573,1689,346,68,15,3,0,0,0
1750,29733,8891,9779,6578,1692,318,69,15,1,1,0,0
1760,29785,8796,9782,6630,1691,319,52,20,2,0,0,0
1770,29751,8916,9659,6636,1741,291,65,18,0,0,0,0
1780,29753,8840,9793,6593,1717,306,57,12,6,0,0,0
1790,29674,8924,9838,6572,1681,312,58,15,3,0,0,0
1800,29715,8865,9886,6523,1676,329,63,16,4,0,0,0
1810,29772,8815,9806,6568,1729,305,71,9,2,0,0,0
1820,29774,8825,9807,6556,1719,308,67,16,5,0,0,0
1830,29760,8831,9772,6605,1758,275,56,16,4,0,0,0
1840,29776,8779,9780,6690,1681,304,50,15,0,1,1,0
1850,29701,8867,9844,6609,1683,291,66,16,0,0,0,0
1860,29748,8858,9751,6646,1695,294,68,15,2,0,0,0
1870,29781,8749,9842,6636,1702,283,76,7,1,0,0,0
1880,29754,8785,9816,6694,1648,307,61,11,1,0,0,0
1890,29735,8859,9741,6686,1699,274,72,9,1,1,0,0
1900,29672,8931,9777,6649,1680,294,63,11,0,0,0,0
1910,29657,8972,9736,6671,1674,293,60,13,1,0,0,0
1920,29729,8854,9801,6635,1670,305,71,11,1,0,0,0
1930,29786,8789,9796,6619,1686,323,69,7,1,1,0,0
1940,29674,8943,9803,6584,1690,303,63,15,0,2,0,0
1950,29766,8854,9722,6671,1650,332,70,10,2,0,0,0
1960,29752,8890,9646,6753,1648,304,70,10,2,2,0,0
1970,29744,8856,9770,6647,1675,300,60,21,3,1,0,0
1980,29752,8794,9817,6647,1720,268,66,12,1,0,0,0
1990,29663,8846,9952,6612,1619,311,60,12,2,0,0,0
2000,29636,8986,9754,6656,1694,277,65,8,1,0,0,0
2010,29636,8953,9890,6519,1699,301,67,12,0,0,0,0
2020,29567,9052,9843,6613,1609,309,70,13,1,0,0,0
2030,29645,8923,9892,6581,1649,308,63,15,1,0,0,0
2040,29688,8904,9782,6685,1633,301,73,9,2,0,0,0
2050,29609,8970,9860,6622,1641,304,62,7,2,0,0,0
2060,29603,8991,9878,6568,1657,300,65,13,1,1,0,0
2070,29692,8899,9836,6599,1652,319,57,20,3,0,0,0
2080,29581,8996,9889,6608,1640,281,63,16,3,0,0,0
2090,29707,8857,9827,6651,1650,311,62,10,2,0,0,0
2100,29647,8926,9829,6652,1667,286,53,16,0,1,0,0
2110,29607,8979,9866,6619,1619,312,56,15,4,0,0,0
2120,29609,9015,9815,6594,1666,304,58,10,6,0,0,0
2130,29602,9015,9788,6656,1660,279,61,12,3,1,0,0
2140,29564,9056,9802,6666,1613,304,59,11,2,0,0,0
2150,29634,9026,9717,6652,1676,294,62,13,3,0,0,0
2160,29685,8936,9754,6664,1647,309,67,14,1,0,0,0
2170,29648,8922,9837,6665,1640,284,65,13,2,1,0,0
2180,29684,8929,9785,6636,1637,334,56,13,2,1,0,0
2190,29741,8836,9789,6653,1681,301,59,15,2,0,0,0
2200,29722,8830,9872,6597,1664,321,51,16,3,1,0,0
2210,29643,8987,9775,6609,1694,294,59,15,1,0,0,0
2220,29675,8874,9900,6578,1673,303,60,10,4,0,0,0
2230,29631,9026,9739,6640,1649,311,68,10,3,0,0,0
2240,29683,8893,9825,6642,1653,305,64,10,1,1,0,0
2250,29527,9089,9901,6518,1663,305,65,7,2,0,0,0
2260,29648,8964,9820,6588,1668,308,73,5,3,0,0,0
2270,29628,8998,9817,6584,1660,307,68,11,3,1,0,0
2280,29676,8947,9766,6622,1684,313,55,11,3,0,0,0
2290,29662,8947,9798,6653,1613,325,60,14,5,0,0,0
2300,29608,9058,9788,6548,1681,312,64,13,5,0,0,0
2310,29696,8934,9729,6666,1671,300,65,15,1,0,0,0
2320,29740,8823,9821,6668,1619,323,66,16,0,1,0,0
2330,29701,8914,9713,6713,1670,288,69,8,1,0,0,0
2340,29757,8790,9878,6576,1673,321,69,12,1,0,0,0
2350,29661,8928,9838,6609,1650,316,62,11,1,1,0,0
2360,29617,9023,9770,6627,1659,307,58,14,2,0,0,0
2370,29656,8946,9856,6548,1669,328,60,13,1,0,0,0
2380,29737,8868,9745,6674,1663,309,68,12,1,0,0,0
2390,29731,8875,9791,6574,1731,293,66,15,1,0,0,0
2400,29759,8794,9835,6630,1661,325,58,14,1,0,0,0
2410,29734,8837,9804,6675,1624,325,61,16,1,0,0,0
2420,29645,8948,9830,6622,1659,291,65,14,3,0,0,0
2430,29767,8815,9820,6579,1695,322,61,15,3,0,0,0
2440,29689,8876,9823,6640,1686,302,48,11,2,0,0,0
2450,29704,8882,9779,6668,1671,298,67,7,1,0,0,0
2460,29652,8922,9820,6645,1682,292,57,6,1,0,0,0
2470,29712,8869,9778,6677,1665,310,56,5,5,0,0,0
2480,29699,8889,9815,6630,1659,297,71,15,2,0,0,0
2490,29712,8928,9721,6648,1688,287,76,16,1,0,0,0
2500,29753,8759,9859,6687,1658,281,62,14,4,0,0,0
2510,29708,8900,9763,6655,1674,285,80,11,1,0,0,0
2520,29704,8800,9974,6553,1656,311,63,15,1,0,0,0
2530,29687,8891,9797,6707,1607,298,79,10,0,1,0,0
2540,29659,8884,9856,6684,1634,283,63,12,2,0,0,0
2550,29664,8981,9798,6542,1683,329,67,10,2,1,0,0
2560,29664,8957,9813,6595,1632,328,77,9,2,0,0,0
2570,29721,8902,9727,6662,1697,285,63,16,4,0,0,0
2580,29806,8820,9686,6665,1711,310,61,14,4,0,0,0
2590,29765,8837,9749,6643,1703,295,70,14,1,0,0,0
2600,29630,8977,9823,6602,1665,311,51,17,1,0,0,0
2610,29583,9007,9877,6585,1662,280,69,13,1,0,0,0
2620,29693,8924,9815,6554,1697,305,76,12,1,0,0,0
2630,29657,8927,9864,6582,1667,295,67,14,3,1,0,0
2640,29636,8993,9776,6619,1687,280,78,5,3,0,0,0
2650,29637,8975,9788,6661,1645,284,70,13,4,0,0,0
2660,29691,8903,9841,6536,1733,301,57,15,0,0,0,0
2670,29639,8931,9842,6620,1703,275,55,11,1,0,0,0
2680,29628,8947,9894,6570,1665,283,73,17,0,0,0,0
2690,29645,8953,9870,6566,1625,339,64,13,2,0,0,0
2700,29638,9025,9723,6643,1659,310,65,11,3,0,0,0
2710,29609,8942,9884,6653,1619,298,62,10,0,0,0,0
2720,29719,8899,9766,6634,1651,324,70,12,2,0,0,0
2730,29821,8750,9745,6697,1669,321,57,13,4,0,0,0
2740,29788,8754,9815,6653,1703,285,58,19,2,0,0,0
2750,29672,8916,9824,6619,1661,314,57,13,0,1,0,0
2760,29711,8835,9858,6635,1656,308,62,11,1,0,0,0
2770,29641,8935,9822,6677,1633,294,62,11,2,0,0,0
2780,29684,8907,9850,6556,1687,321,59,9,4,0,0,0
2790,29646,8968,9820,6561,1713,297,57,13,2,0,0,0
2800,29743,8834,9789,6662,1671,293,68,15,1,1,0,0
2810,29642,8963,9835,6604,1652,285,76,17,3,0,0,0
2820,29591,8962,9984,6498,1657,297,78,8,2,0,0,0
2830,29723,8854,9752,6704,1698,276,59,7,4,0,0,0
2840,29615,8934,9930,6593,1623,298,68,14,2,0,0,0
2850,29608,8964,9813,6729,1619,262,64,15,2,1,0,0
2860,29655,8882,9889,6626,1681,266,65,11,0,2,0,0
2870,29670,8932,9760,6704,1632,307,57,13,1,1,0,0
2880,29694,8846,9905,6601,1644,297,75,14,0,1,0,0
2890,29698,8868,9838,6603,1708,294,55,12,1,0,0,0
2900,29713,8872,9832,6594,1660,334,57,13,2,0,0,0
2910,29636,8944,9859,6625,1626,310,59,14,3,0,1,0
2920,29613,9022,9789,6605,1687,275,69,12,4,1,0,0
2930,29715,8827,9881,6605,1683,281,65,14,6,0,0,0
2940,29761,8804,9808,6699,1572,345,73,11,4,0,0,0
2950,29747,8828,9835,6591,1687,301,68,16,3,1,0,0
2960,29646,8986,9795,6599,1655,308,75,10,3,0,0,0
2970,29512,9111,9859,6587,1649,283,60,13,2,1,0,0
2980,29682,8890,9811,6705,1595,313,66,11,4,0,0,0
2990,29631,8985,9761,6707,1615,298,64,13,3,0,0,0
3000,29555,9063,9895,6543,1625,306,69,17,4,0,0,0
3010,29658,8980,9805,6571,1651,328,61,20,3,0,0,0
3020,29583,9055,9785,6640,1636,300,62,13,2,1,0,0
3030,29655,8968,9757,6662,1664,289,67,14,1,0,0,0
3040,29647,8971,9734,6684,1699,277,51,13,1,0,0,0
3050,29671,8940,9799,6617,1659,310,66,14,1,0,0,0
3060,29704,8865,9778,6738,1609,313,51,17,2,0,0,0
3070,29700,8883,9857,6550,1698,314,58,16,1,0,0,0
3080,29601,8983,9889,6561,1670,300,61,9,3,0,0,0
3090,29599,9012,9791,6689,1606,301,68,10,0,1,0,0
3100,29553,9102,9785,6608,1659,294,59,15,2,0,0,0
3110,29663,8989,9736,6638,1645,325,71,9,1,0,0,0
3120,29766,8835,9767,6617,1709,295,70,18,0,0,0,0
3130,29699,8930,9750,6622,1694,306,61,12,2,1,0,0
3140,29671,8946,9779,6623,1688,289,64,13,4,0,0,0
3150,29692,8886,9857,6592,1656,307,70,14,3,0,0,0
3160,29615,9005,9834,6553,1697,293,71,7,1,1,0,0
3170,29599,9024,9782,6681,1603,310,63,14,1,0,0,0
3180,29690,8910,9832,6548,1719,304,58,13,3,0,0,0
3190,29674,8897,9826,6642,1670,298,60,8,2,0,0,0
3200,29699,8925,9787,6599,1660,322,67,15,3,0,0,0
3210,29777,8812,9837,6527,1726,303,79,12,3,1,0,0
3220,29610,9027,9808,6581,1663,308,65,12,2,1,0,0
3230,29683,8933,9789,6592,1701,306,60,9,3,1,0,0
3240,29650,8966,9811,6607,1641,324,67,9,0,1,1,0
3250,29612,9070,9720,6610,1694,283,74,10,4,0,0,0
3260,29680,8970,9725,6626,1698,296,70,10,1,1,0,0
3270,29643,8967,9806,6597,1706,281,62,14,1,0,0,0
3280,29619,8986,9867,6550,1674,292,73,15,1,0,0,0
3290,29593,9007,9839,6600,1699,255,69,13,2,0,0,0
3300,29547,9111,9842,6491,1721,281,69,14,1,0,0,0
3310,29694,8920,9726,6679,1712,273,58,13,2,0,0,0
3320,29733,8837,9798,6674,1653,301,64,15,2,0,0,0
3330,29730,8922,9703,6648,1669,320,67,17,1,0,0,0
3340,29645,8978,9803,6606,1647,318,67,9,4,0,0,0
3350,29786,8829,9709,6648,1724,307,64,9,1,0,0,0
3360,29725,8861,9814,6607,1686,300,66,17,1,0,0,0
3370,29747,8840,9772,6673,1651,312,69,10,1,2,0,0
3380,29761,8841,9758,6620,1710,314,63,8,2,0,0,0
3390,29729,8901,9746,6605,1715,296,68,15,2,0,0,0
3400,29726,8906,9707,6679,1666,315,66,11,1,0,0,0
3410,29702,8997,9670,6600,1703,320,69,14,2,0,0,0
3420,29741,8828,9825,6600,1711,296,63,8,4,1,0,0
3430,29769,8804,9842,6553,1713,320,59,13,3,1,0,0
3440,29668,8960,9774,6611,1684,296,69,14,1,0,0,0
3450,29642,8987,9780,6597,1710,282,65,13,1,0,0,0
3460,29623,9013,9814,6537,1715,297,67,10,1,0,0,0
3470,29675,8933,9793,6601,1711,288,63,11,2,0,0,0
3480,29719,8903,9790,6562,1714,298,75,16,0,0,0,0
3490,29764,8773,9941,6487,1708,320,61,22,0,1,0,0
3500,29837,8682,9835,6640,1697,311,64,10,1,0,0,0
3510,29891,8616,9851,6638,1668,318,82,13,0,0,0,0
3520,29681,8956,9769,6592,1690,304,68,17,0,0,0,0
3530,29695,8886,9818,6634,1669,289,72,12,2,0,0,0
3540,29729,8827,9870,6581,1672,329,54,10,5,0,0,0
3550,29695,8957,9746,6584,1706,303,67,17,2,0,0,0
3560,29766,8840,9783,6576,1717,314,64,15,2,0,0,0
3570,29691,8926,9820,6538,1704,326,53,19,0,0,0,0
3580,29618,9031,9730,6663,1678,273,70,12,2,0,0,0
3590,29579,9106,9810,6511,1658,311,85,15,2,0,0,0
3600,29684,8905,9799,6675,1628,299,70,14,3,0,0,0
3610,29593,8985,9920,6549,1657,282,71,19,1,0,0,0
3620,29713,8860,9780,6704,1667,259,79,12,3,0,0,0
3630,29788,8823,9766,6579,1723,310,76,10,1,1,0,0
3640,29700,8929,9765,6577,1732,295,70,8,1,0,0,0
3650,29790,8798,9780,6612,1698,318,68,11,2,0,0,0
3660,29677,8933,9828,6568,1672,315,69,13,2,0,0,0
3670,29683,8954,9733,6647,1685,295,64,12,3,1,0,0
3680,29614,8988,9862,6578,1653,295,68,16,3,0,0,0
3690,29581,9041,9861,6531,1686,300,64,11,2,0,0,0
3700,29705,8902,9783,6631,1674,292,73,15,1,1,0,0
3710,29774,8822,9715,6725,1664,281,83,13,0,0,0,0
3720,29780,8818,9787,6572,1743,290,67,16,3,1,0,0
3730,29691,8951,9703,6683,1673,297,63,13,2,1,0,0
3740,29666,8974,9728,6649,1704,275,62,16,2,1,0,0
3750,29730,8822,9788,6742,1621,292,68,11,3,0,0,0
3760,29793,8786,9806,6610,1667,328,71,14,1,1,0,0
3770,29739,8923,9675,6645,1703,308,73,9,2,0,0,0
3780,29658,9040,9669,6652,1660,304,77,15,2,0,0,0
3790,29644,9007,9700,6721,1633,280,74,14,3,1,0,0
3800,29608,9085,9696,6653,1642,305,73,11,3,1,0,0
3810,29740,8854,9813,6586,1676,325,72,10,1,0,0,0
3820,29774,8784,9855,6528,1755,319,51,10,1,0,0,0
3830,29704,8947,9691,6663,1694,304,61,9,2,2,0,0
3840,29676,8974,9717,6639,1688,310,62,10,1,0,0,0
3850,29599,9026,9824,6582,1657,318,59,11,1,0,0,0
3860,29644,8923,9872,6637,1618,287,83,10,3,0,0,0
3870,29684,8915,9815,6592,1700,290,65,13,2,1,0,0
3880,29659,8961,9752,6676,1647,310,62,8,1,0,1,0
3890,29723,8828,9853,6583,1744,276,55,12,3,0,0,0
3900,29686,8923,9819,6530,1753,298,55,10,3,0,0,0
3910,29607,8958,9933,6530,1669,306,62,11,1,0,0,0
3920,29643,8935,9836,6639,1653,301,57,10,3,0,0,0
3930,29673,8956,9850,6513,1664,327,71,19,4,0,0,0
3940,29727,8911,9756,6607,1661,324,73,14,3,1,0,0
3950,29684,8908,9842,6581,1669,311,67,11,4,0,0,0
3960,29668,8953,9789,6601,1684,303,63,14,2,0,0,0
3970,29646,9026,9709,6656,1635,320,73,9,3,0,0,0
3980,29689,8906,9766,6698,1647,294,57,15,5,0,0,0
3990,29704,8943,9733,6612,1709,284,72,17,2,1,0,0
4000,29693,8856,9840,6669,1665,268,69,16,1,0,0,0
4010,29729,8880,9720,6704,1683,275,68,14,4,0,0,0
4020,29714,8950,9703,6617,1703,304,68,15,2,1,0,0
4030,29742,8869,9687,6760,1636,300,72,10,1,0,0,0
4040,29644,9010,9756,6616,1652,315,70,10,2,2,0,0
4050,29664,8994,9703,6675,1651,304,75,10,1,0,0,0
4060,29645,8948,9869,6540,1700,294,67,13,1,0,0,0
4070,29706,8882,9816,6593,1704,302,63,9,1,1,0,0
4080,29731,8872,9730,6705,1655,301,76,7,0,0,0,0
4090,29740,8895,9670,6711,1679,312,58,11,1,0,0,0
4100,29613,9010,9794,6621,1677,284,64,9,4,1,0,0
4110,29632,8970,9822,6615,1668,289,68,11,2,0,0,0
4120,29770,8800,9798,6653,1654,319,74,6,2,1,0,0
4130,29767,8829,9767,6664,1634,326,76,12,2,0,0,0
4140,29715,8998,9592,6663,1725,311,60,13,0,0,0,0
4150,29674,8912,9791,6704,1596,327,61,10,2,0,0,0
4160,29776,8783,9781,6709,1639,305,66,16,2,0,0,0
4170,29827,8738,9736,6740,1627,329,68,10,2,0,0,0
4180,29811,8709,9829,6695,1639,316,63,10,4,1,0,0
4190,29750,8822,9835,6574,1718,298,64,11,5,0,0,0
4200,29720,8874,9759,6690,1660,286,72,15,1,0,0,0
4210,29649,8934,9831,6643,1645,297,60,17,1,0,0,0
4220,29685,8866,9847,6651,1665,287,64,11,1,0,0,0
4230,29786,8786,9763,6656,1719,293,64,8,2,0,0,0
4240,29726,8888,9763,6630,1672,315,73,9,0,1,0,0
4250,29695,8940,9742,6651,1642,327,66,11,3,0,0,0
4260,29674,8996,9753,6548,1697,330,64,11,4,0,0,0
4270,29635,8992,9781,6621,1667,309,59,11,2,0,0,0
4280,29728,8881,9755,6636,1690,314,65,6,2,0,0,0
4290,29725,8842,9817,6662,1636,313,69,12,1,0,0,0
4300,29657,8937,9741,6747,1636,289,62,8,0,0,0,0
4310,29747,8884,9719,6647,1682,323,55,19,1,0,0,0
4320,29633,9022,9836,6468,1720,312,65,19,2,0,0,0
4330,29665,8950,9809,6602,1653,315,67,14,2,0,0,0
4340,29706,8861,9808,6691,1615,323,62,8,3,0,0,0
4350,29612,9033,9818,6531,1700,299,70,12,2,0,0,0
4360,29548,9060,9876,6566,1651,304,63,7,2,0,0,0
4370,29660,8880,9888,6640,1641,286,70,9,3,0,0,0
4380,29736,8900,9740,6612,1680,330,65,11,3,0,0,0
4390,29696,8960,9688,6680,1663,309,65,14,2,0,0,0
4400,29671,8973,9741,6635,1681,285,73,14,4,0,0,0
4410,29660,8926,9810,6652,1667,286,58,16,1,1,0,0
4420,29690,8899,9797,6661,1650,301,62,12,5,0,0,0
4430,29664,8947,9822,6579,1683,295,70,15,1,1,0,0
4440,29710,8878,9806,6648,1650,290,77,15,2,0,1,0
4450,29800,8792,9738,6687,1662,316,59,19,3,1,0,0
4460,29715,8880,9852,6533,1692,320,72,10,3,0,0,0
4470,29714,8894,9755,6687,1631,311,68,13,2,2,0,0
4480,29647,8905,9947,6524,1669,303,64,14,3,1,0,0
4490,29672,8966,9733,6684,1616,325,68,9,3,1,0,0
4500,29687,8880,9861,6604,1659,305,67,12,2,0,0,0
4510,29725,8827,9930,6483,1717,312,69,13,1,0,0,0
4520,29749,8866,9773,6599,1679,329,70,10,1,1,0,0
4530,29683,8911,9853,6561,1670,313,72,12,2,0,0,0
4540,29622,9020,9837,6505,1707,294,77,13,1,1,0,0
4550,29607,9038,9829,6517,1706,295,67,15,3,0,0,0
4560,29669,8936,9861,6509,1716,307,63,14,1,1,0,0
4570,29875,8734,9716,6601,1742,334,59,13,2,1,0,0
4580,29738,8918,9755,6531,1714,344,62,12,3,0,0,0
4590,29712,8952,9683,6654,1685,305,71,14,1,0,0,0
4600,29734,8918,9731,6571,1745,286,75,13,3,1,0,0
4610,29707,8943,9719,6653,1635,338,70,9,3,0,0,0
4620,29726,8854,9841,6594,1658,317,74,8,3,2,0,0
4630,29685,8935,9768,6650,1652,300,67,15,4,1,0,0
4640,29654,8921,9885,6565,1670,302,62,16,1,1,0,0
4650,29739,8872,9710,6696,1696,289,59,14,2,0,0,0
4660,29827,8746,9750,6646,1729,309,60,8,2,0,0,0
4670,29670,8981,9795,6497,1754,300,66,9,5,0,0,0
4680,29706,8921,9813,6523,1708,325,66,12,3,0,0,0
4690,29739,8873,9750,6652,1673,299,79,9,3,0,0,0
4700,29673,8941,9781,6627,1683,287,74,7,3,1,0,0
4710,29714,8834,9869,6606,1671,312,59,7,5,0,0,0
4720,29646,8970,9805,6584,1711,287,61,8,3,1,0,1
4730,29712,8910,9777,6626,1646,307,83,10,6,0,0,0
4740,29692,8987,9695,6626,1665,331,64,13,4,0,0,0
4750,29686,8974,9703,6638,1701,295,60,16,4,0,0,0
4760,29657,8981,9796,6552,1697,323,55,13,3,0,0,0
4770,29733,8834,9808,6652,1676,297,60,14,3,0,0,0
4780,29814,8771,9733,6695,1679,297,65,20,3,0,0,0
4790,29687,8901,9774,6683,1672,287,58,13,1,1,0,0
4800,29664,8925,9813,6669,1611,319,57,14,5,0,0,0
4810,29720,8857,9738,6727,1688,285,50,10,2,0,0,0
4820,29775,8822,9815,6552,1715,302,77,15,4,0,0,0
4830,29797,8826,9754,6581,1700,333,71,12,2,1,0,0
4840,29807,8799,9729,6636,1713,313,66,13,1,0,0,0
4850,29772,8876,9702,6643,1649,355,63,17,0,0,0,0
4860,29713,8939,9743,6618,1641,329,74,15,5,0,0,0
4870,29782,8783,9842,6536,1759,303,58,9,5,0,0,0
4880,29769,8851,9716,6649,1699,323,58,8,4,0,0,0
4890,29768,8853,9732,6637,1693,303,80,6,5,0,0,0
4900,29828,8736,9788,6632,1691,318,76,6,1,1,0,0
4910,29797,8781,9749,6694,1660,314,70,10,2,0,0,0
4920,29704,8862,9856,6605,1671,291,73,10,4,1,0,0
4930,29684,8926,9848,6513,1714,313,62,13,4,0,0,0
4940,29633,8921,9902,6623,1614,302,65,10,6,1,0,0
4950,29663,8857,9900,6688,1592,296,63,15,2,1,0,0
4960,29610,8922,9892,6709,1574,290,65,12,3,0,0,0
4970,29629,8966,9847,6619,1619,320,61,11,4,1,0,0
4980,29681,8884,9841,6632,1684,274,63,13,5,0,0,0
4990,29705,8874,9793,6675,1656,295,62,15,2,0,0,0
5000,29621,8960,9894,6572,1632,322,60,13,3,0,0,0
5010,29665,8997,9752,6550,1734,299,67,11,2,0,0,0
5020,29585,9057,9791,6612,1652,305,59,13,3,0,0,0
5030,29697,8944,9726,6644,1677,309,67,10,3,0,0,0
5040,29734,8825,9803,6696,1642,295,64,14,3,1,0,0
5050,29777,8871,9714,6583,1745,298,69,16,3,1,0,0
5060,29817,8794,9676,6701,1714,300,58,13,3,1,0,0
5070,29682,8913,9889,6473,1735,306,59,17,3,0,0,0
5080,29696,8897,9817,6580,1727,287,54,14,4,1,0,0
5090,29807,8742,9857,6550,1744,293,62,19,2,1,0,0
5100,29787,8816,9732,6661,1707,280,77,13,3,1,0,0
5110,29771,8810,9758,6692,1665,298,64,14,3,1,1,0
5120,29794,8802,9706,6727,1669,288,74,14,3,0,0,0
5130,29735,8908,9695,6705,1630,309,75,13,5,2,0,0
5140,29639,8993,9742,6699,1617,304,71,8,3,1,0,0
5150,29674,8918,9790,6688,1638,276,74,15,2,2,0,0
5160,29719,8913,9731,6683,1611,329,77,10,4,0,0,0
5170,29688,8908,9809,6628,1665,286,79,9,5,0,0,0
5180,29784,8787,9801,6658,1630,331,67,16,2,1,0,0
5190,29750,8840,9738,6727,1643,291,67,18,2,1,0,0
5200,29659,8920,9829,6682,1596,302,68,17,4,0,0,0
5210,29681,8934,9769,6647,1671,294,61,16,4,0,0,0
5220,29725,8923,9742,6562,1744,297,66,17,1,0,0,0
5230,29704,8940,9708,6664,1669,318,59,11,4,0,0,0
5240,29691,8917,9795,6601,1697,292,71,11,2,0,0,0
5250,29673,8912,9834,6616,1653,309,70,8,2,0,0,0
5260,29687,8914,9833,6562,1686,316,67,11,1,0,0,0
5270,29569,9054,9878,6535,1645,311,71,11,3,0,0,0
5280,29669,8951,9790,6597,1682,318,54,15,1,0,0,0
5290,29795,8784,9814,6569,1713,323,65,11,3,0,0,0
5300,29719,8835,9862,6637,1627,307,71,14,5,0,0,0
5310,29777,8827,9773,6601,1698,318,64,17,2,0,0,0
5320,29641,8956,9839,6583,1685,302,56,12,3,0,0,0
5330,29659,8955,9835,6542,1704,298,71,10,3,0,0,0
5340,29725,8851,9852,6559,1701,311,63,13,1,1,0,0
5350,29610,9010,9774,6691,1611,301,64,15,1,0,0,0
5360,29742,8822,9828,6629,1672,300,65,18,1,0,0,0
5370,29703,8861,9848,6628,1647,309,69,7,5,0,0,0
5380,29668,8934,9826,6590,1678,296,70,11,4,0,0,0
5390,29658,8904,9873,6612,1667,278,66,15,4,0,0,0
5400,29737,8788,9894,6609,1670,296,68,14,1,0,0,0
5410,29704,8847,9878,6615,1638,312,67,13,3,0,0,0
5420,29746,8813,9869,6563,1699,307,59,17,3,1,0,0
5430,29709,8885,9813,6619,1651,316,65,17,2,0,0,0
5440,29613,9004,9809,6629,1633,314,62,11,1,1,0,0
5450,29665,8944,9764,6707,1610,300,68,16,3,0,0,0
5460,29657,9020,9754,6521,1753,281,75,10,5,1,0,0
5470,29710,8917,9831,6494,1710,335,63,13,4,0,0,0
5480,29737,8893,9697,6679,1704,280,74,11,2,0,0,0
5490,29758,8887,9692,6638,1717,306,61,16,2,0,0,0
5500,29732,8899,9726,6647,1671,328,60,11,3,0,0,0
5510,29607,9003,9831,6603,1655,302,62,11,3,0,0,0
5520,29578,9030,9837,6614,1652,290,61,13,2,0,0,0
5530,29601,9041,9814,6548,1693,303,65,9,3,0,0,0
5540,29721,8898,9804,6546,1709,320,60,16,2,1,0,0
5550,29684,8876,9916,6543,1653,320,70,12,3,0,0,0
5560,29814,8728,9844,6610,1682,314,66,15,4,0,0,0
5570,29760,8792,9861,6595,1675,302,79,10,3,0,0,0
5580,29804,8762,9835,6570,1697,328,63,15,3,0,0,0
5590,29702,8876,9828,6635,1650,293,80,9,4,0,0,0
5600,29628,8982,9820,6584,1699,289,66,6,3,0,0,0
5610,29660,8959,9813,6574,1686,303,67,11,4,0,0,0
5620,29723,8865,9781,6666,1656,302,74,7,2,1,0,0
5630,29723,8858,9812,6605,1701,308,59,6,5,0,0,0
5640,29682,8907,9838,6593,1679,290,70,15,3,0,0,0
5650,29664,8952,9787,6612,1697,282,67,14,1,1,0,0
5660,29597,9011,9869,6540,1686,299,58,15,2,0,0,0
5670,29689,8895,9841,6588,1686,292,72,12,2,0,0,0
5680,29807,8802,9725,6642,1703,325,55,14,3,0,1,0
5690,29648,8978,9795,6567,1710,319,49,9,2,0,0,0
5700,29634,9001,9798,6591,1659,309,72,11,1,1,0,0
5710,29711,8942,9689,6636,1731,296,60,11,1,0,0,0
5720,29653,8994,9744,6612,1703,295,62,12,2,0,0,0
5730,29722,8908,9755,6583,1715,326,57,10,1,0,0,0
5740,29677,8951,9766,6619,1674,314,62,13,1,0,0,0
5750,29666,8984,9732,6638,1671,304,69,8,4,1,0,0
5760,29726,8882,9781,6637,1654,303,72,18,3,1,0,0
5770,29788,8822,9709,6667,1723,278,77,12,1,0,0,0
5780,29800,8809,9727,6650,1689,321,67,11,3,0,0,0
5790,29624,8964,9843,6634,1633,297,67,14,1,0,0,0
5800,29716,8843,9820,6664,1659,294,74,4,3,0,0,0
5810,29717,8867,9835,6595,1656,333,58,11,4,1,0,0
5820,29638,9023,9737,6620,1660,329,57,11,2,0,0,0
5830,29644,9031,9741,6572,1697,312,63,14,3,0,0,0
5840,29658,8950,9825,6571,1696,305,55,13,2,2,0,0
5850,29746,8871,9795,6578,1659,340,72,14,2,0,0,0
5860,29848,8707,9788,6662,1658,330,66,15,2,1,0,0
5870,29785,8808,9730,6695,1682,290,68,16,2,0,1,0
5880,29677,8919,9784,6672,1652,294,61,14,4,0,0,0
5890,29662,8928,9817,6630,1679,284,55,18,3,1,0,0
5900,29699,8957,9717,6634,1677,304,73,12,2,2,0,0
5910,29717,8821,9846,6667,1671,276,57,19,3,0,0,0
5920,29648,8943,9834,6585,1716,279,56,12,4,0,0,0
5930,29732,8880,9759,6653,1643,330,67,8,5,0,0,0
5940,29751,8830,9812,6625,1663,312,59,20,3,2,0,0
5950,29656,9003,9683,6716,1636,303,64,12,3,1,0,0
5960,29645,9010,9733,6629,1690,293,56,17,2,2,0,0
5970,29720,8904,9756,6624,1678,316,60,15,4,0,0,0
5980,29749,8890,9687,6685,1666,322,65,10,3,0,0,0
5990,29785,8759,9829,6645,1670,303,73,12,1,0,0,0
6000,29800,8820,9730,6608,1724,307,76,10,2,0,0,0
6010,29681,8913,9819,6617,1671,281,82,11,1,1,0,0
6020,29670,8945,9802,6605,1670,296,73,13,3,0,0,0
6030,29680,9003,9677,6628,1703,305,68,13,0,0,0,0
6040,29707,8896,9799,6591,1701,306,64,12,1,0,0,0
6050,29651,8937,9856,6577,1677,299,69,9,1,1,0,0
6060,29681,8890,9905,6520,1682,322,62,13,2,0,0,0
6070,29689,8888,9816,6655,1665,273,72,17,2,0,0,0
6080,29756,8852,9744,6642,1711,287,68,12,5,0,0,0
6090,29677,8945,9746,6642,1719,271,61,11,5,0,0,0
6100,29829,8760,9762,6620,1710,309,66,17,3,1,0,0
6110,29760,8797,9825,6660,1636,306,79,11,2,1,0,0
6120,29783,8827,9748,6627,1686,322,70,13,1,0,0,0
6130,29769,8832,9805,6569,1685,328,76,12,1,0,0,0
6140,29756,8765,9858,6689,1610,318,71,7,3,0,0,0
6150,29710,8867,9841,6563,1735,283,67,7,3,1,0,0
6160,29655,8921,9835,6633,1675,271,78,8,1,0,0,0
6170,29777,8764,9860,6575,1732,291,65,10,2,1,0,0
6180,29742,8843,9777,6671,1655,304,70,13,2,0,0,0
6190,29666,8930,9847,6571,1681,294,73,12,3,0,0,0
6200,29624,9000,9803,6598,1680,290,71,7,4,0,0,0
6210,29646,8994,9839,6488,1712,312,71,13,2,0,0,0
6220,29686,8969,9738,6580,1718,314,58,10,4,0,0,0
6230,29671,8939,9778,6623,1720,261,72,8,5,0,0,0
6240,29738,8864,9817,6556,1701,325,56,15,4,1,0,0
6250,29665,8935,9787,6654,1667,295,56,17,1,0,0,0
6260,29629,8972,9850,6577,1671,299,62,13,4,0,0,0
6270,29642,8963,9849,6550,1688,307,69,7,2,0,0,0
6280,29698,8937,9761,6585,1723,284,75,12,1,1,0,0
6290,29568,9061,9825,6601,1648,286,75,13,0,0,0,0
6300,29706,8893,9764,6679,1656,297,67,13,1,1,0,0
6310,29625,8979,9827,6603,1681,280,66,13,3,0,0,0
6320,29660,8938,9816,6612,1677,294,67,13,0,0,0,0
6330,29680,8906,9858,6573,1660,321,63,15,1,0,0,0
6340,29571,9039,9814,6698,1552,327,62,11,3,0,0,0
6350,29679,8902,9819,6652,1646,293,70,16,0,0,0,0
6360,29706,8895,9752,6710,1618,317,64,14,0,1,0,0
6370,29701,8905,9777,6666,1622,322,67,16,1,0,0,0
6380,29681,8928,9770,6655,1663,307,55,17,1,0,0,0
6390,29698,8878,9789,6680,1686,257,75,10,4,0,0,0
6400,29669,8962,9754,6622,1701,290,68,9,2,0,0,0
6410,29732,8858,9756,6701,1648,297,69,15,1,0,0,0
6420,29699,8956,9724,6592,1722,308,63,13,0,0,0,0
6430,29788,8850,9742,6550,1757,296,77,15,1,0,1,0
6440,29809,8765,9837,6554,1700,313,84,13,2,0,0,0
6450,29845,8741,9760,6610,1722,312,73,12,2,0,0,0
6460,29781,8828,9729,6664,1682,311,63,16,1,2,0,0
6470,29726,8870,9749,6703,1651,296,65,12,3,2,0,0
6480,29680,8913,9815,6625,1666,291,75,7,4,1,0,0
6490,29654,9014,9731,6597,1690,315,60,13,3,0,0,0
6500,29669,8945,9841,6519,1728,290,67,15,3,0,0,0
6510,29762,8848,9754,6628,1699,303,59,20,4,0,0,0
6520,29706,8869,9871,6564,1654,333,68,11,1,0,0,0
6530,29739,8864,9774,6617,1706,296,61,17,2,1,0,0
6540,29711,8890,9761,6677,1670,281,67,13,7,0,0,0
6550,29666,8975,9704,6682,1690,286,64,8,1,0,1,0
6560,29681,8918,9824,6579,1706,285,67,14,2,1,0,0
6570,29568,9091,9820,6545,1656,315,65,14,3,0,0,0
6580,29672,8939,9791,6614,1693,287,64,13,4,0,0,0
6590,29653,8930,9818,6679,1619,288,76,11,2,1,0,0
6600,29674,8908,9882,6552,1653,329,65,11,2,1,0,0
6610,29634,8975,9819,6623,1627,322,66,8,2,1,0,0
6620,29602,8978,9910,6551,1663,283,73,15,2,0,0,0
6630,29688,8856,9908,6582,1662,292,75,11,3,0,0,0
6640,29699,8896,9856,6539,1697,302,70,11,6,1,0,0
6650,29639,8916,9930,6564,1637,305,70,12,4,0,0,0
6660,29640,8936,9877,6574,1680,292,65,9,4,0,0,0
6670,29673,8927,9778,6680,1643,290,73,10,3,0,0,0
6680,29678,8910,9844,6592,1656,319,64,12,2,0,0,0
6690,29651,8944,9826,6652,1603,315,68,15,2,1,0,0
6700,29692,8906,9853,6534,1695,318,62,16,0,1,0,0
6710,29753,8859,9733,6660,1683,311,64,11,3,0,0,0
6720,29714,8916,9763,6598,1703,290,75,15,3,0,0,0
6730,29719,8889,9777,6623,1683,307,59,17,2,1,0,0
6740,29803,8781,9766,6643,1686,323,53,18,4,0,0,0
6750,29693,8885,9813,6647,1674,282,65,15,3,0,0,0
6760,29707,8910,9788,6591,1708,280,74,13,3,3,0,0
6770,29759,8853,9700,6717,1669,295,69,12,3,0,0,0
6780,29677,8948,9808,6556,1701,299,73,12,3,0,0,0
6790,29746,8800,9894,6573,1643,346,62,9,3,1,0,0
6800,29722,8879,9790,6610,1686,313,65,10,0,1,1,0
6810,29713,8924,9772,6576,1681,327,71,10,1,2,0,0
6820,29753,8806,9860,6594,1657,320,71,14,1,1,0,0
6830,29787,8842,9747,6555,1756,310,66,9,3,1,1,0
6840,29709,8875,9839,6574,1702,291,75,8,3,1,0,0
6850,29721,8863,9804,6638,1657,317,62,13,2,0,0,0
6860,29857,8680,9787,6679,1683,311,62,17,1,0,0,0
6870,29865,8761,9635,6727,1674,333,70,12,0,0,0,0
6880,29900,8695,9710,6620,1763,298,79,11,0,1,0,0
6890,29812,8779,9775,6605,1704,317,65,18,2,0,0,0
6900,29763,8872,9724,6596,1726,324,62,8,1,1,0,0
6910,29844,8748,9701,6692,1700,318,59,13,2,0,0,0
6920,29742,8856,9787,6649,1628,319,81,13,2,0,0,0
6930,29724,8849,9827,6619,1677,293,74,12,2,0,0,0
6940,29705,8865,9800,6695,1633,296,68,13,2,0,0,0
6950,29699,8875,9833,6648,1617,321,73,8,2,1,0,0
6960,29639,9004,9735,6642,1693,294,58,9,3,0,0,0
6970,29777,8852,9705,6630,1720,321,65,6,1,0,0,0
6980,29729,8876,9771,6637,1663,323,67,10,0,1,0,0
6990,29693,8919,9800,6591,1684,304,74,11,1,0,0,0
7000,29673,8911,9812,6663,1632,309,59,18,0,0,0,0
7010,29555,9069,9836,6610,1637,283,69,15,3,0,0,0
7020,29608,9011,9773,6707,1577,329,59,12,1,0,0,0
7030,29750,8858,9703,6723,1664,300,67,10,2,0,0,0
7040,29669,8919,9864,6571,1659,307,73,12,3,0,0,0
7050,29737,8836,9800,6657,1661,308,64,11,2,1,0,0
7060,29667,8946,9789,6606,1703,289,62,14,1,0,0,0
7070,29579,9060,9814,6572,1683,292,61,13,3,0,0,0
7080,29643,8942,9776,6712,1648,293,51,12,0,0,0,0
7090,29663,8926,9841,6607,1640,330,55,12,3,0,0,0
7100,29685,8855,9892,6627,1625,317,64,9,2,1,0,0
7110,29609,9004,9798,6636,1671,286,58,13,2,0,0,0
7120,29667,8884,9854,6654,1665,273,63,16,1,0,0,0
7130,29720,8883,9760,6665,1664,307,61,14,3,0,0,0
7140,29752,8852,9741,6691,1637,316,77,8,3,0,0,0
7150,29781,8816,9773,6626,1668,328,72,11,2,0,0,0
7160,29782,8838,9726,6617,1723,312,70,8,1,0,0,0
7170,29773,8788,9793,6629,1741,282,59,8,4,0,0,0
7180,29744,8830,9806,6644,1653,323,68,6,1,2,0,0
7190,29676,8939,9777,6633,1665,314,59,11,3,0,0,0
7200,29741,8876,9735,6668,1647,338,56,15,1,0,0,0
7210,29695,8938,9723,6662,1671,317,59,12,0,0,0,0
7220,29703,8840,9832,6696,1629,308,56,11,2,0,0,0
7230,29786,8857,9711,6590,1735,316,69,10,3,0,0,0
7240,29844,8748,9730,6636,1731,308,65,13,2,0,0,0
7250,29779,8830,9696,6700,1706,290,55,18,2,1,0,0
7260,29744,8853,9770,6620,1729,279,63,17,2,0,0,0
7270,29637,8993,9803,6560,1718,282,72,12,0,0,0,0
7280,29643,8945,9838,6585,1706,295,53,12,0,0,0,0
7290,29692,8914,9801,6572,1742,277,64,12,3,0,0,0
7300,29667,8865,9920,6601,1653,290,67,9,4,0,1,0
7310,29720,8819,9819,6688,1687,275,53,13,3,0,0,0
7320,29728,8820,9827,6676,1653,292,66,13,2,0,0,0
7330,29753,8857,9756,6614,1720,287,80,9,1,0,0,0
7340,29598,8999,9876,6589,1623,303,74,13,1,1,0,0
7350,29603,8993,9841,6636,1633,282,74,12,3,0,0,0
7360,29718,8887,9792,6639,1633,310,82,13,3,0,0,0
7370,29680,8902,9849,6592,1667,302,73,11,1,0,0,0
7380,29679,8938,9783,6628,1656,314,61,16,1,1,0,0
7390,29632,8995,9833,6542,1686,310,61,14,4,0,0,0
7400,29614,9014,9891,6454,1705,316,66,13,4,0,0,0
7410,29663,8925,9803,6679,1628,298,62,17,2,0,0,0
7420,29599,9028,9839,6580,1648,287,73,20,2,0,1,0
7430,29685,8934,9798,6584,1690,302,69,10,4,1,0,0
7440,29576,9040,9818,6640,1634,291,60,15,2,1,0,0
7450,29692,8930,9754,6665,1658,283,73,18,3,1,0,0
7460,29597,8966,9930,6568,1634,305,58,14,5,0,0,0
7470,29688,8922,9772,6651,1672,285,68,15,4,0,0,0
7480,29663,8955,9805,6586,1680,313,59,13,3,0,0,0
7490,29709,8903,9809,6584,1655,341,56,17,3,0,0,0
7500,29735,8890,9758,6587,1723,306,61,14,3,0,0,0
7510,29637,8939,9846,6632,1663,282,59,18,1,0,0,0
7520,29649,8992,9757,6620,1691,287,61,14,6,0,0,0
7530,29664,8897,9843,6690,1596,300,74,9,3,1,0,0
7540,29632,8983,9788,6664,1630,298,65,12,4,0,1,0
7550,29609,9025,9787,6624,1656,296,64,12,3,0,1,0
7560,29622,8986,9802,6676,1613,283,77,14,4,0,0,0
7570,29752,8774,9874,6635,1662,302,58,17,2,1,0,0
7580,29794,8786,9785,6616,1706,310,62,17,1,0,0,0
7590,29721,8850,9829,6639,1637,322,61,16,2,0,0,0
7600,29584,8993,9922,6548,1650,306,57,12,5,0,0,0
7610,29679,8945,9805,6547,1718,309,60,9,4,1,0,0
7620,29682,8880,9865,6609,1659,302,67,12,1,0,0,0
7630,29696,8931,9793,6568,1689,317,67,15,1,0,0,0
7640,29801,8846,9685,6628,1707,326,70,13,1,0,0,0
7650,29723,8912,9745,6622,1667,324,69,13,2,0,0,0
7660,29717,8940,9664,6677,1718,281,63,14,2,1,0,0
7670,29768,8888,9697,6623,1690,317,78,15,1,0,0,0
7680,29741,8900,9731,6591,1729,305,63,14,2,1,0,0
7690,29744,8871,9796,6559,1707,312,74,10,2,1,1,0
7700,29848,8714,9852,6513,1739,318,77,16,0,0,0,0
7710,29839,8703,9803,6650,1698,295,75,11,3,0,0,0
7720,29748,8837,9832,6581,1676,314,68,18,2,1,0,0
7730,29701,8888,9792,6663,1659,290,60,23,0,1,0,0
7740,29769,8785,9822,6627,1708,279,71,14,2,0,0,0
7750,29702,8913,9769,6640,1665,298,77,11,1,1,0,0
7760,29772,8850,9708,6674,1699,288,62,14,7,3,0,0
7770,29685,8993,9634,6738,1637,306,69,11,3,1,0,0
7780,29656,8972,9751,6648,1688,285,60,14,3,0,0,0
7790,29632,9036,9728,6598,1712,299,57,14,1,0,0,0
7800,29754,8871,9769,6556,1732,325,47,19,4,0,0,0
7810,29604,9039,9785,6632,1618,305,83,11,0,0,0,0
7820,29616,9033,9798,6568,1671,308,65,14,4,0,0,0
7830,29614,9049,9748,6625,1645,313,70,12,1,0,0,0
7840,29635,8995,9792,6585,1692,307,60,8,3,0,0,0
7850,29729,8846,9846,6592,1672,302,68,19,3,0,0,0
7860,29683,8930,9825,6575,1671,294,79,17,2,1,0,0
7870,29800,8772,9838,6558,1698,324,68,17,2,0,0,0
7880,29847,8743,9767,6562,1783,289,68,15,3,0,0,0
7890,29805,8742,9844,6601,1675,334,62,10,4,0,0,0
7900,29714,8899,9848,6505,1687,339,74,9,1,1,0,0
7910,29788,8810,9746,6660,1666,329,63,12,3,0,0,0
7920,29671,8909,9893,6510,1707,314,59,12,2,0,0,0
7930,29694,8924,9783,6609,1670,323,54,19,1,0,0,0
7940,29735,8835,9887,6491,1734,325,57,12,1,0,0,0
7950,29689,8887,9905,6487,1725,300,71,12,0,1,0,0
7960,29683,8878,9955,6448,1715,315,71,12,0,0,0,0
7970,29598,8992,9911,6507,1683,316,60,10,0,0,0,0
7980,29626,8955,9864,6616,1625,316,60,14,1,0,0,0
7990,29641,8959,9848,6552,1711,287,67,11,1,0,0,0
8000,29650,8919,9861,6637,1625,301,71,11,1,1,0,0
8010,29615,8990,9812,6648,1635,296,70,9,2,0,0,0
8020,29631,8997,9729,6714,1636,294,68,6,2,0,0,0
8030,29680,8888,9812,6711,1603,301,62,17,3,0,0,0
8040,29682,8975,9685,6687,1676,290,62,15,5,0,0,0
8050,29720,8881,9772,6652,1664,309,62,14,2,1,0,0
8060,29749,8857,9771,6602,1702,329,52,13,2,0,0,0
8070,29751,8888,9744,6590,1694,322,74,12,1,1,0,0
8080,29720,8916,9691,6732,1617,312,73,12,3,1,0,0
8090,29756,8885,9708,6630,1709,304,70,11,3,1,0,0
8100,29662,8968,9760,6638,1666,303,68,8,4,0,0,0
8110,29738,8796,9850,6690,1609,306,74,11,3,0,0,0
8120,29696,8885,9815,6624,1690,287,67,11,2,0,0,0
8130,29668,8898,9865,6614,1651,299,69,11,1,1,0,0
8140,29694,8819,9881,6695,1619,294,61,13,1,0,0,0
8150,29753,8796,9808,6692,1654,289,70,12,3,0,0,0
8160,29706,8888,9842,6563,1671,325,68,13,1,0,0,0
8170,29658,8917,9836,6671,1599,315,63,18,0,0,0,0
8180,29644,8971,9828,6591,1643,313,69,18,0,0,0,0
8190,29631,9001,9780,6623,1668,290,66,16,1,1,0,0
8200,29690,8918,9821,6585,1658,322,66,13,3,1,0,0
8210,29654,8994,9747,6654,1635,301,70,16,4,2,0,0
8220,29675,8971,9743,6614,1699,289,67,18,0,1,0,0
8230,29678,8940,9802,6594,1676,297,70,18,2,0,0,0
8240,29665,8919,9845,6593,1688,283,68,14,2,0,0,0
8250,29662,9002,9737,6583,1712,305,59,12,4,1,0,0
8260,29701,8895,9785,6668,1624,326,67,8,3,0,0,0
8270,29636,8983,9800,6621,1661,287,75,11,2,1,0,0
8280,29658,8929,9862,6583,1652,307,72,12,2,0,0,0
8290,29668,8979,9741,6651,1630,321,71,16,0,0,0,0
8300,29708,8896,9788,6628,1667,304,72,11,3,0,0,0
8310,29749,8825,9824,6608,1668,326,66,8,1,2,0,0
8320,29742,8875,9716,6687,1677,300,61,18,0,1,0,0
8330,29777,8805,9762,6669,1680,299,69,16,0,0,0,0
8340,29770,8841,9724,6664,1688,311,64,15,0,0,0,0
8350,29753,8770,9917,6578,1664,305,73,16,1,0,0,0
8360,29674,8947,9770,6637,1665,296,78,9,1,0,0,0
8370,29693,8925,9765,6669,1628,301,77,16,3,0,0,0
8380,29658,8959,9805,6592,1673,315,61,13,1,0,0,0
8390,29654,8953,9828,6608,1629,319,70,15,1,0,0,0
8400,29659,8929,9876,6556,1665,304,69,18,1,0,0,0
8410,29628,8981,9824,6583,1709,270,66,11,5,0,0,0
8420,29649,8856,9994,6531,1688,284,58,16,1,0,0,0
8430,29698,8924,9738,6673,1646,325,63,9,1,0,0,0
8440,29829,8809,9667,6635,1747,311,67,12,0,0,0,0
8450,29691,8865,9854,6645,1645,296,62,16,2,1,0,0
8460,29754,8900,9686,6654,1682,309,76,14,2,0,0,0
8470,29705,8934,9771,6581,1691,302,71,18,4,0,0,0
8480,29788,8773,9820,6613,1691,313,59,19,0,1,0,0
8490,29671,8954,9774,6615,1674,314,61,14,0,0,0,0
8500,29628,8997,9809,6569,1703,298,59,13,1,0,0,0
8510,29663,8911,9866,6595,1648,323,57,12,2,0,0,0
8520,29629,8949,9836,6644,1654,298,52,14,1,0,0,0
8530,29632,9005,9775,6600,1687,309,55,13,1,0,0,0
8540,29707,8887,9791,6638,1670,306,64,13,0,1,0,0
8550,29660,8946,9770,6668,1668,292,57,15,1,0,0,0
8560,29664,8939,9793,6661,1628,316,58,16,1,1,0,0
8570,29684,8955,9749,6624,1673,305,75,11,1,0,0,0
8580,29671,8921,9788,6666,1681,262,70,16,2,0,0,0
8590,29660,8930,9821,6642,1633,313,66,10,2,0,0,0
8600,29660,8918,9805,6692,1633,287,68,14,0,0,0,0
8610,29667,8888,9893,6589,1682,264,73,18,3,0,0,0
8620,29747,8819,9813,6640,1685,287,67,17,2,0,0,0
8630,29752,8884,9706,6661,1677,311,69,16,0,1,0,0
8640,29786,8825,9749,6612,1708,313,69,13,2,0,0,0
8650,29704,8912,9822,6558,1666,329,67,17,1,1,0,0
8660,29701,8916,9770,6630,1659,326,63,9,3,0,0,0
8670,29761,8821,9811,6592,1711,287,79,15,0,0,0,0
8680,29824,8808,9721,6615,1686,326,73,22,2,0,0,0
8690,29774,8733,9857,6698,1633,304,63,14,1,0,0,0
8700,29789,8815,9765,6599,1713,308,73,15,0,0,0,0
8710,29757,8857,9742,6640,1699,295,68,15,4,0,0,0
8720,29741,8846,9850,6516,1737,305,67,12,3,0,0,0
8730,29687,8920,9758,6683,1644,310,62,10,3,0,0,0
8740,29621,9010,9822,6565,1680,284,78,16,1,0,0,0
8750,29587,9110,9723,6589,1687,299,65,15,2,0,0,0
8760,29694,8892,9822,6600,1706,285,59,15,3,1,0,0
8770,29703,8887,9833,6586,1682,297,75,10,3,1,0,0
8780,29758,8750,9888,6678,1597,323,68,14,1,0,0,0
8790,29688,8917,9810,6592,1680,311,65,13,1,0,0,0
8800,29660,8915,9878,6567,1680,293,69,14,1,0,0,0
8810,29582,9077,9775,6578,1698,292,65,7,2,1,0,0
8820,29598,9010,9828,6594,1687,292,57,9,2,0,0,0
8830,29626,8929,9878,6623,1678,265,62,14,2,0,0,0
8840,29679,8891,9833,6631,1685,274,71,13,0,0,0,0
8850,29564,9037,9828,6653,1629,296,62,7,1,0,0,0
8860,29608,9013,9817,6588,1672,310,56,12,1,0,0,0
8870,29621,8987,9860,6571,1631,325,69,11,1,1,0,0
8880,29670,8927,9811,6645,1626,318,62,17,1,0,0,0
8890,29730,8868,9739,6677,1708,280,60,12,3,0,0,0
8900,29671,8958,9752,6654,1655,307,63,16,1,0,0,0
8910,29771,8833,9747,6651,1683,307,68,14,3,0,0,0
8920,29663,8967,9797,6584,1675,306,64,18,3,0,0,0
8930,29668,8958,9822,6534,1700,320,55,18,1,1,0,0
8940,29614,8991,9876,6554,1640,323,61,13,5,0,0,0
8950,29749,8848,9814,6546,1741,301,56,18,4,0,0,0
8960,29693,8951,9738,6645,1645,314,75,14,1,1,0,0
8970,29716,8883,9836,6534,1725,296,71,14,2,0,0,0
8980,29702,8894,9805,6624,1659,308,71,13,1,0,0,0
8990,29674,8967,9800,6557,1664,328,70,14,2,1,0,0
9000,29827,8702,9879,6570,1693,322,66,15,3,0,0,0
9010,29704,8948,9697,6678,1642,331,63,12,2,0,0,0
9020,29618,9009,9840,6550,1662,314,72,9,2,1,0,0
9030,29627,8982,9859,6534,1700,294,64,15,2,0,0,0
9040,29687,8890,9880,6551,1676,309,65,17,2,0,0,0
9050,29664,8975,9710,6709,1645,290,64,19,1,0,0,0
9060,29729,8882,9787,6580,1712,306,66,14,0,1,0,0
9070,29624,8971,9804,6698,1594,309,61,12,3,1,0,0
9080,29566,9095,9784,6609,1628,313,66,14,2,0,0,0
9090,29556,9098,9802,6602,1636,297,66,16,4,0,0,0
9100,29638,8955,9856,6600,1642,296,73,12,5,0,0,0
9110,29711,8901,9771,6619,1695,307,53,16,4,0,0,0
9120,29653,8956,9826,6606,1630,326,65,11,2,2,0,0
9130,29635,8911,9947,6545,1651,312,63,10,2,1,0,0
9140,29799,8728,9842,6644,1678,312,60,11,3,0,0,0
9150,29712,8867,9809,6598,1744,275,59,11,2,0,0,0
9160,29709,8844,9852,6640,1645,306,70,9,2,0,0,0
9170,29697,8906,9791,6611,1694,299,70,8,0,1,0,0
9180,29687,8915,9794,6635,1657,308,70,8,2,1,0,0
9190,29717,8904,9758,6637,1660,318,67,14,2,0,0,0
9200,29660,8898,9882,6628,1615,314,64,12,3,1,0,0
9210,29577,9059,9809,6623,1620,303,69,15,1,1,0,0
9220,29692,8869,9881,6581,1677,291,68,14,3,0,1,0
9230,29690,8895,9802,6683,1610,310,73,11,3,0,0,0
9240,29710,8898,9794,6628,1645,306,77,17,2,0,0,0
9250,29618,8967,9833,6660,1631,283,71,13,1,0,0,0
9260,29639,8892,9933,6593,1676,252,74,12,6,0,0,0
9270,29739,8856,9809,6579,1703,313,63,9,6,0,0,0
9280,29688,8903,9858,6544,1695,304,71,12,2,0,0,0
9290,29703,8871,9848,6604,1657,312,68,11,2,1,0,0
9300,29635,8862,9965,6600,1673,277,50,12,3,0,0,0
9310,29609,8949,9917,6583,1637,306,67,7,2,0,0,0
9320,29683,8943,9825,6521,1707,314,69,11,4,0,0,0
9330,29767,8776,9877,6587,1678,303,67,19,3,0,0,0
9340,29742,8822,9881,6543,1684,325,61,16,2,1,0,0
9350,29821,8728,9827,6594,1722,308,60,12,4,1,0,0
9360,29699,8913,9752,6685,1645,293,74,13,2,1,0,0
9370,29776,8835,9712,6695,1661,320,62,11,5,0,0,0
9380,29750,8836,9799,6606,1717,277,75,15,1,1,0,0
9390,29725,8854,9795,6672,1644,307,58,18,4,0,0,0
9400,29688,8932,9804,6558,1712,302,67,11,2,0,1,0
9410,29677,8936,9777,6662,1638,295,76,10,6,0,0,0
9420,29736,8809,9863,6618,1677,286,70,15,2,1,0,0
9430,29647,9007,9792,6517,1728,309,63,12,2,0,0,0
9440,29694,8923,9739,6678,1672,293,61,14,2,1,0,0
9450,29645,9020,9712,6642,1679,301,63,12,3,0,0,0
9460,29759,8844,9717,6687,1706,286,65,11,1,1,0,0
9470,29586,9037,9787,6674,1621,290,68,10,4,0,0,0
9480,29649,8949,9791,6682,1617,315,62,11,1,0,0,0
9490,29749,8817,9790,6676,1668,298,66,10,3,0,0,0
9500,29783,8816,9761,6610,1722,305,65,14,1,0,0,0
9510,29779,8833,9723,6654,1697,319,56,11,5,0,0,0
9520,29664,8962,9774,6622,1682,287,69,13,3,1,0,0
9530,29694,8950,9674,6709,1678,310,51,4,7,0,0,0
9540,29676,8936,9773,6647,1683,272,73,12,5,0,0,0
9550,29746,8811,9807,6687,1644,298,66,16,1,1,0,0
9560,29716,8887,9709,6769,1619,290,71,15,1,0,0,0
9570,29772,8841,9733,6648,1684,319,67,11,2,0,0,0
9580,29700,8885,9817,6626,1671,287,79,9,3,0,0,0
9590,29710,8909,9802,6556,1705,306,77,12,0,0,0,0
9600,29640,8986,9797,6617,1644,310,66,13,3,1,0,0
9610,29696,8929,9794,6550,1711,330,56,8,3,0,0,0
9620,29646,8988,9820,6547,1662,338,63,12,1,0,0,0
9630,29719,8865,9771,6695,1637,316,64,8,1,1,0,0
9640,29764,8864,9695,6705,1638,330,63,16,2,0,0,0
9650,29728,8853,9790,6684,1628,308,66,17,2,1,0,0
9660,29745,8858,9807,6563,1701,318,74,10,1,0,0,0
9670,29705,8949,9693,6657,1688,304,69,11,1,0,0,0
9680,29787,8750,9812,6677,1667,306,72,6,0,0,0,0
9690,29632,8938,9871,6615,1641,308,56,16,0,0,0,0
9700,29732,8855,9779,6649,1691,294,60,13,4,0,0,0
9710,29612,8931,9914,6636,1618,280,69,14,1,2,0,0
9720,29658,8875,9892,6675,1594,302,65,12,3,1,0,0
9730,29681,8884,9838,6684,1604,292,77,10,6,1,0,0
9740,29647,8933,9864,6573,1697,286,65,8,3,1,0,0
9750,29724,8821,9894,6576,1671,308,69,11,2,1,0,0
9760,29568,9019,9904,6579,1623,302,69,9,2,2,0,0
9770,29555,9046,9939,6486,1654,320,63,11,3,0,0,0
9780,29643,8884,10014,6479,1661,313,64,17,2,0,0,0
9790,29669,8924,9835,6571,1714,289,60,11,4,0,0,0
9800,29585,9048,9831,6567,1669,292,71,9,4,1,0,0
9810,29671,8960,9758,6628,1682,300,63,10,4,1,0,0
9820,29571,9031,9867,6587,1650,298,53,17,3,0,0,0
9830,29589,9002,9871,6593,1649,300,55,16,2,0,0,0
9840,29627,8967,9862,6591,1648,294,71,13,2,2,0,0
9850,29611,8990,9850,6573,1690,293,51,15,4,0,0,0
9860,29525,9077,9889,6590,1627,293,60,11,3,2,0,0
9870,29564,9078,9822,6542,1709,294,56,9,3,0,0,0
9880,29705,8885,9810,6605,1697,294,70,9,2,0,0,0
9890,29691,8896,9863,6545,1697,302,65,13,4,1,0,0
9900,29682,8932,9798,6621,1654,293,79,13,5,0,0,0
9910,29712,8876,9811,6583,1734,286,64,8,3,0,0,0
9920,29681,8887,9833,6641,1663,295,66,10,1,0,0,0
9930,29681,8901,9835,6611,1680,282,69,15,3,0,0,0
9940,29683,8900,9794,6685,1638,299,62,14,1,1,0,0
9950,29700,8932,9751,6633,1672,296,78,12,3,0,0,0
9960,29701,8896,9800,6628,1647,333,63,6,3,0,0,0
9970,29645,8964,9775,6668,1660,286,66,11,2,0,0,0
9980,29651,8978,9748,6673,1662,280,63,18,4,0,0,0
9990,29775,8753,9854,6635,1697,274,74,11,4,0,0,0
10000,29652,8943,9858,6567,1673,299,69,13,2,1,0,0
